schema_version,candidate_id,timestamp_us,branch_id,is_interesting,taken,constraint_count,path_length,symbolized_bytes,branch_hit_count,prev_sat,prev_unsat,prev_timeout,rtn_offset,rtn_size,rtn_cmov
v1,1,1790805310511828,c2c6c48d872b6032:0xafb3,1,1,0,1,1,0,1,0,0,355,2272,0
v1,2,1790805310756619,c2c6c48d872b6032:0xb355,1,0,1,2,1,0,1,0,0,1285,2272,0
v1,3,1790805310930937,c2c6c48d872b6032:0x3344b,1,1,1,3,2,0,1,1,0,22731,85844,10
v1,1,1790805316465446,c2c6c48d872b6032:0xafb3,0,0,0,1,1,1,1,0,0,355,2272,0
v1,1,1790805321640795,c2c6c48d872b6032:0xafb3,0,1,0,1,1,2,1,0,0,355,2272,0
v1,2,1790805321736320,c2c6c48d872b6032:0xb355,0,0,0,2,1,1,1,0,0,1285,2272,0
v1,3,1790805321899137,c2c6c48d872b6032:0x3344b,0,1,0,3,2,1,1,1,0,22731,85844,10
v1,1,1790805326499018,c2c6c48d872b6032:0xafb3,0,1,0,1,1,3,1,0,0,355,2272,0
v1,2,1790805326532185,c2c6c48d872b6032:0xb355,0,0,0,2,1,2,1,0,0,1285,2272,0
v1,3,1790805326696048,c2c6c48d872b6032:0x3344b,0,1,0,3,2,2,1,1,0,22731,85844,10
v1,4,1790805326796934,c2c6c48d872b6032:0x307ff,1,1,0,4,1,0,1,0,0,11391,85844,10
v1,5,1790805326817225,c2c6c48d872b6032:0x3b0b3,1,1,1,5,2,0,1,1,0,54579,85844,10
v1,6,1790805326827160,c2c6c48d872b6032:0x3f2b3,1,1,1,6,1,0,1,1,0,71475,85844,10
v1,1,1790805332650573,c2c6c48d872b6032:0xafb3,0,1,0,1,1,4,1,0,0,355,2272,0
v1,2,1790805332818556,c2c6c48d872b6032:0xb355,0,0,0,2,1,3,1,0,0,1285,2272,0
v1,3,1790805332982610,c2c6c48d872b6032:0x3344b,0,1,0,3,2,3,1,1,0,22731,85844,10
v1,4,1790805333083987,c2c6c48d872b6032:0x307ff,0,1,0,4,1,1,1,0,0,11391,85844,10
v1,5,1790805333088089,c2c6c48d872b6032:0x3b0b3,1,0,0,5,2,1,2,2,0,54579,85844,10
v1,1,1790805338134391,c2c6c48d872b6032:0xafb3,0,1,0,1,1,5,1,0,0,355,2272,0
v1,2,1790805338240089,c2c6c48d872b6032:0xb355,1,1,0,2,1,4,2,0,0,1285,2272,0
v1,1,1790805343237693,c2c6c48d872b6032:0xafb3,0,1,0,1,1,6,1,0,0,355,2272,0
v1,2,1790805343326181,c2c6c48d872b6032:0xb355,0,0,0,2,1,5,2,0,0,1285,2272,0
v1,3,1790805343489330,c2c6c48d872b6032:0x3344b,0,1,0,3,2,4,1,1,0,22731,85844,10
v1,4,1790805343590975,c2c6c48d872b6032:0x307ff,1,0,0,4,1,2,2,0,0,11391,85844,10
v1,1,1790805349155297,c2c6c48d872b6032:0xafb3,0,1,0,1,1,7,1,0,0,355,2272,0
v1,2,1790805349316699,c2c6c48d872b6032:0xb355,0,0,0,2,1,6,2,0,0,1285,2272,0
v1,3,1790805349479769,c2c6c48d872b6032:0x3344b,0,1,0,3,2,5,1,1,0,22731,85844,10
v1,4,1790805349581419,c2c6c48d872b6032:0x307ff,0,1,0,4,1,3,2,0,0,11391,85844,10
v1,5,1790805349585219,c2c6c48d872b6032:0x3b0b3,0,1,0,5,2,2,2,2,0,54579,85844,10
v1,6,1790805349592996,c2c6c48d872b6032:0x3f2b3,0,1,0,6,1,1,1,1,0,71475,85844,10
v1,1,1790805355606029,c2c6c48d872b6032:0xafb3,0,1,0,1,1,8,1,0,0,355,2272,0
v1,2,1790805355783261,c2c6c48d872b6032:0xb355,0,0,0,2,1,7,2,0,0,1285,2272,0
v1,3,1790805355945674,c2c6c48d872b6032:0x3344b,0,1,0,3,2,6,1,1,0,22731,85844,10
v1,4,1790805356046886,c2c6c48d872b6032:0x307ff,0,1,0,4,1,4,2,0,0,11391,85844,10
v1,5,1790805356050642,c2c6c48d872b6032:0x3b0b3,0,1,0,5,2,3,2,2,0,54579,85844,10
v1,6,1790805356058308,c2c6c48d872b6032:0x3f2b3,0,1,0,6,1,2,1,1,0,71475,85844,10
v1,1,1790805362233178,c2c6c48d872b6032:0xafb3,0,1,0,1,1,9,1,0,0,355,2272,0
v1,2,1790805362435422,c2c6c48d872b6032:0xb355,0,0,0,2,1,8,2,0,0,1285,2272,0
v1,3,1790805362604899,c2c6c48d872b6032:0x3344b,0,1,0,3,2,7,1,1,0,22731,85844,10
v1,4,1790805362709974,c2c6c48d872b6032:0x307ff,0,1,0,4,1,5,2,0,0,11391,85844,10
v1,5,1790805362714117,c2c6c48d872b6032:0x3b0b3,0,1,0,5,2,4,2,2,0,54579,85844,10
v1,6,1790805362722087,c2c6c48d872b6032:0x3f2b3,0,1,0,6,1,3,1,1,0,71475,85844,10
v1,1,1790805368688722,c2c6c48d872b6032:0xafb3,0,1,0,1,1,10,1,0,0,355,2272,0
v1,2,1790805368856948,c2c6c48d872b6032:0xb355,0,0,0,2,1,9,2,0,0,1285,2272,0
v1,3,1790805369021505,c2c6c48d872b6032:0x3344b,0,1,0,3,2,8,1,1,0,22731,85844,10
v1,4,1790805369123107,c2c6c48d872b6032:0x307ff,0,1,0,4,1,6,2,0,0,11391,85844,10
v1,5,1790805369126853,c2c6c48d872b6032:0x3b0b3,0,1,0,5,2,5,2,2,0,54579,85844,10
v1,6,1790805369134461,c2c6c48d872b6032:0x3f2b3,0,1,0,6,1,4,1,1,0,71475,85844,10
v1,7,1790805369191754,c2c6c48d872b6032:0x3bfcd,1,1,0,7,1,0,1,1,0,58445,85844,10
v1,1,1790805374459137,c2c6c48d872b6032:0xafb3,0,1,0,1,1,11,1,0,0,355,2272,0
v1,2,1790805374563492,c2c6c48d872b6032:0xb355,0,0,0,2,1,10,2,0,0,1285,2272,0
v1,3,1790805374725880,c2c6c48d872b6032:0x3344b,0,1,0,3,2,9,1,1,0,22731,85844,10
v1,4,1790805374826805,c2c6c48d872b6032:0x307ff,0,1,0,4,1,7,2,0,0,11391,85844,10
v1,5,1790805374830621,c2c6c48d872b6032:0x3b0b3,0,1,0,5,2,6,2,2,0,54579,85844,10
v1,6,1790805374838282,c2c6c48d872b6032:0x3f2b3,0,1,0,6,1,5,1,1,0,71475,85844,10
v1,7,1790805374894958,c2c6c48d872b6032:0x3bfcd,0,1,0,7,1,1,1,1,0,58445,85844,10
v1,1,1790805379330096,c2c6c48d872b6032:0xafb3,0,1,0,1,1,12,1,0,0,355,2272,0
v1,2,1790805379357172,c2c6c48d872b6032:0xb355,0,0,0,2,1,11,2,0,0,1285,2272,0
v1,3,1790805379520416,c2c6c48d872b6032:0x3344b,0,1,0,3,2,10,1,1,0,22731,85844,10
v1,4,1790805379621674,c2c6c48d872b6032:0x307ff,0,1,0,4,1,8,2,0,0,11391,85844,10
v1,5,1790805379625487,c2c6c48d872b6032:0x3b0b3,0,1,0,5,2,7,2,2,0,54579,85844,10
v1,6,1790805379633431,c2c6c48d872b6032:0x3f2b3,1,0,0,6,1,6,2,2,0,71475,85844,10
v1,7,1790805379734417,c2c6c48d872b6032:0x3bfcd,1,0,19,7,1,2,2,2,0,58445,85844,10
v1,8,1790805379849734,c2c6c48d872b6032:0x375bb,1,0,46,8,1,0,1,1,0,39483,85844,10
v1,9,1790805379867992,c2c6c48d872b6032:0x37686,1,1,0,9,1,0,1,1,0,39686,85844,10
v1,1,1790805384994986,c2c6c48d872b6032:0xafb3,0,1,0,1,1,13,1,0,0,355,2272,0
v1,2,1790805385078910,c2c6c48d872b6032:0xb355,0,0,0,2,1,12,2,0,0,1285,2272,0
v1,3,1790805385242824,c2c6c48d872b6032:0x3344b,0,1,0,3,2,11,1,1,0,22731,85844,10
v1,4,1790805385343508,c2c6c48d872b6032:0x307ff,0,1,0,4,1,9,2,0,0,11391,85844,10
v1,5,1790805385347303,c2c6c48d872b6032:0x3b0b3,0,1,0,5,2,8,2,2,0,54579,85844,10
v1,6,1790805385354988,c2c6c48d872b6032:0x3f2b3,0,1,0,6,1,7,12,6,0,71475,85844,10
v1,7,1790805385411848,c2c6c48d872b6032:0x3bfcd,0,1,0,7,1,3,22,10,0,58445,85844,10
v1,8,1790805385451686,c2c6c48d872b6032:0x375bb,1,1,0,8,1,1,12,6,0,39483,85844,10
v1,9,1790805385495709,c2c6c48d872b6032:0x37686,1,0,1,9,1,1,2,2,0,39686,85844,10
v1,10,1790805385522350,c2c6c48d872b6032:0x30b0f,1,1,1,10,1,0,1,1,0,12175,85844,10
v1,11,1790805385529924,c2c6c48d872b6032:0x319f3,1,1,1,11,1,0,1,1,0,15987,85844,10
v1,1,1790805391321428,c2c6c48d872b6032:0xafb3,0,1,0,1,1,14,1,0,0,355,2272,0
v1,2,1790805391476671,c2c6c48d872b6032:0xb355,0,0,0,2,1,13,2,0,0,1285,2272,0
v1,3,1790805391641810,c2c6c48d872b6032:0x3344b,0,1,0,3,2,12,1,1,0,22731,85844,10
v1,4,1790805391743897,c2c6c48d872b6032:0x307ff,0,1,0,4,1,10,2,0,0,11391,85844,10
v1,5,1790805391747733,c2c6c48d872b6032:0x3b0b3,0,1,0,5,2,9,2,2,0,54579,85844,10
v1,6,1790805391755457,c2c6c48d872b6032:0x3f2b3,0,1,0,6,1,8,12,6,0,71475,85844,10
v1,7,1790805391812712,c2c6c48d872b6032:0x3bfcd,0,1,0,7,1,4,22,10,0,58445,85844,10
v1,8,1790805391852598,c2c6c48d872b6032:0x375bb,0,1,0,8,1,2,12,6,0,39483,85844,10
v1,9,1790805391857283,c2c6c48d872b6032:0x37686,0,0,0,9,1,2,2,2,0,39686,85844,10
v1,10,1790805391881318,c2c6c48d872b6032:0x30b0f,1,0,0,10,1,1,2,2,0,12175,85844,10
v1,11,1790805391966777,c2c6c48d872b6032:0x30cbd,1,0,1,11,1,0,1,0,0,12605,85844,10
v1,12,1790805391975200,c2c6c48d872b6032:0x318e5,1,0,1,12,1,0,1,1,0,15717,85844,10
v1,13,1790805391984646,c2c6c48d872b6032:0x31965,1,1,1,13,1,0,1,1,0,15845,85844,10
v1,1,1790805396386154,c2c6c48d872b6032:0xafb3,0,1,0,1,1,15,1,0,0,355,2272,0
v1,2,1790805396401964,c2c6c48d872b6032:0xb355,0,0,0,2,1,14,2,0,0,1285,2272,0
v1,3,1790805396564820,c2c6c48d872b6032:0x3344b,0,1,0,3,2,13,1,1,0,22731,85844,10
v1,4,1790805396665566,c2c6c48d872b6032:0x307ff,0,1,0,4,1,11,2,0,0,11391,85844,10
v1,5,1790805396669376,c2c6c48d872b6032:0x3b0b3,0,1,0,5,2,10,2,2,0,54579,85844,10
v1,6,1790805396677009,c2c6c48d872b6032:0x3f2b3,0,0,0,6,1,9,12,6,0,71475,85844,10
v1,7,1790805396742625,c2c6c48d872b6032:0x3bfcd,0,0,0,7,1,5,22,10,0,58445,85844,10
v1,8,1790805396809753,c2c6c48d872b6032:0x375bb,0,0,0,8,1,3,12,6,0,39483,85844,10
v1,9,1790805396821250,c2c6c48d872b6032:0x37686,1,0,0,9,1,3,3,3,0,39686,85844,10
v1,10,1790805396856271,c2c6c48d872b6032:0x30b0f,1,0,1,10,1,2,3,3,0,12175,85844,10
v1,11,1790805396870571,c2c6c48d872b6032:0x30cbd,1,0,1,11,1,1,2,0,0,12605,85844,10
v1,12,1790805396876134,c2c6c48d872b6032:0x318e5,1,1,1,12,1,1,2,2,0,15717,85844,10
v1,13,1790805396927188,c2c6c48d872b6032:0x31965,1,1,1,13,1,1,2,2,0,15845,85844,10
v1,1,1790805401758511,c2c6c48d872b6032:0xafb3,0,1,0,1,1,16,1,0,0,355,2272,0
v1,2,1790805401826801,c2c6c48d872b6032:0xb355,0,0,0,2,1,15,2,0,0,1285,2272,0
v1,3,1790805401988999,c2c6c48d872b6032:0x3344b,0,1,0,3,2,14,1,1,0,22731,85844,10
v1,4,1790805402093816,c2c6c48d872b6032:0x307ff,0,1,0,4,1,12,2,0,0,11391,85844,10
v1,5,1790805402097638,c2c6c48d872b6032:0x3b0b3,0,1,0,5,2,11,2,2,0,54579,85844,10
v1,6,1790805402105293,c2c6c48d872b6032:0x3f2b3,0,1,0,6,1,10,12,6,0,71475,85844,10
v1,7,1790805402161927,c2c6c48d872b6032:0x3bfcd,0,1,0,7,1,6,22,10,0,58445,85844,10
v1,8,1790805402201248,c2c6c48d872b6032:0x375bb,0,1,0,8,1,4,12,6,0,39483,85844,10
v1,9,1790805402206100,c2c6c48d872b6032:0x37686,1,1,0,9,1,4,4,4,0,39686,85844,10
v1,1,1790805406694425,c2c6c48d872b6032:0xafb3,0,1,0,1,1,17,1,0,0,355,2272,0
v1,2,1790805406726987,c2c6c48d872b6032:0xb355,0,0,0,2,1,16,2,0,0,1285,2272,0
v1,3,1790805406889717,c2c6c48d872b6032:0x3344b,0,1,0,3,2,15,1,1,0,22731,85844,10
v1,4,1790805406990821,c2c6c48d872b6032:0x307ff,0,1,0,4,1,13,2,0,0,11391,85844,10
v1,5,1790805406994644,c2c6c48d872b6032:0x3b0b3,0,1,0,5,2,12,2,2,0,54579,85844,10
v1,6,1790805407002365,c2c6c48d872b6032:0x3f2b3,0,0,0,6,1,11,12,6,0,71475,85844,10
v1,7,1790805407067931,c2c6c48d872b6032:0x3bfcd,0,0,0,7,1,7,22,10,0,58445,85844,10
v1,8,1790805407138364,c2c6c48d872b6032:0x375bb,0,0,0,8,1,5,12,6,0,39483,85844,10
v1,9,1790805407149798,c2c6c48d872b6032:0x37686,0,1,0,9,1,5,4,4,0,39686,85844,10
v1,10,1790805407186511,c2c6c48d872b6032:0x3c1db,1,0,0,10,1,0,1,1,0,58971,85844,10
v1,11,1790805407235043,c2c6c48d872b6032:0x36cfe,1,0,2,11,2,0,1,1,0,37246,85844,10
v1,12,1790805407242013,c2c6c48d872b6032:0x36d48,1,1,1,12,3,0,0,2,0,37320,85844,10
v1,13,1790805407247669,c2c6c48d872b6032:0x36fdb,1,0,1,13,3,0,1,1,0,37979,85844,10
v1,14,1790805407264387,c2c6c48d872b6032:0x30b0f,1,0,1,14,1,3,4,4,0,12175,85844,10
v1,1,1790805413001926,c2c6c48d872b6032:0xafb3,0,1,0,1,1,18,1,0,0,355,2272,0
v1,2,1790805413157711,c2c6c48d872b6032:0xb355,0,0,0,2,1,17,2,0,0,1285,2272,0
v1,3,1790805413325421,c2c6c48d872b6032:0x3344b,0,1,0,3,2,16,1,1,0,22731,85844,10
v1,4,1790805413427713,c2c6c48d872b6032:0x307ff,0,1,0,4,1,14,2,0,0,11391,85844,10
v1,5,1790805413431642,c2c6c48d872b6032:0x3b0b3,0,1,0,5,2,13,2,2,0,54579,85844,10
v1,6,1790805413439359,c2c6c48d872b6032:0x3f2b3,0,1,0,6,1,12,12,6,0,71475,85844,10
v1,7,1790805413496636,c2c6c48d872b6032:0x3bfcd,0,1,0,7,1,8,22,10,0,58445,85844,10
v1,8,1790805413537645,c2c6c48d872b6032:0x375bb,0,1,0,8,1,6,12,6,0,39483,85844,10
v1,9,1790805413542257,c2c6c48d872b6032:0x37686,0,0,0,9,1,6,4,4,0,39686,85844,10
v1,10,1790805413565979,c2c6c48d872b6032:0x30b0f,0,1,0,10,1,4,4,4,0,12175,85844,10
v1,11,1790805413571577,c2c6c48d872b6032:0x319f3,1,0,0,11,1,1,2,2,0,15987,85844,10
v1,12,1790805413656280,c2c6c48d872b6032:0x31f3b,1,1,1,12,1,0,1,1,0,17339,85844,10
v1,13,1790805413695405,c2c6c48d872b6032:0x2e610,1,1,1,13,3,0,1,0,0,2704,85844,10
v1,14,1790805413738424,c2c6c48d872b6032:0x2fdd5,1,1,1,14,3,0,1,0,0,8789,85844,10
v1,1,1790805419182291,c2c6c48d872b6032:0xafb3,0,1,0,1,1,19,1,0,0,355,2272,0
v1,2,1790805419308773,c2c6c48d872b6032:0xb355,0,0,0,2,1,18,2,0,0,1285,2272,0
v1,3,1790805419478343,c2c6c48d872b6032:0x3344b,0,1,0,3,2,17,1,1,0,22731,85844,10
v1,4,1790805419588568,c2c6c48d872b6032:0x307ff,0,1,0,4,1,15,2,0,0,11391,85844,10
v1,5,1790805419592622,c2c6c48d872b6032:0x3b0b3,0,1,0,5,2,14,2,2,0,54579,85844,10
v1,6,1790805419600403,c2c6c48d872b6032:0x3f2b3,0,0,0,6,1,13,12,6,0,71475,85844,10
v1,7,1790805419670708,c2c6c48d872b6032:0x3bfcd,0,0,0,7,1,9,22,10,0,58445,85844,10
v1,8,1790805419741426,c2c6c48d872b6032:0x375bb,0,0,0,8,1,7,12,6,0,39483,85844,10
v1,9,1790805419753254,c2c6c48d872b6032:0x37686,0,0,0,9,1,7,4,4,0,39686,85844,10
v1,10,1790805419778595,c2c6c48d872b6032:0x30b0f,1,1,0,10,1,5,5,5,0,12175,85844,10
v1,11,1790805419849159,c2c6c48d872b6032:0x319f3,1,1,1,11,1,2,3,3,0,15987,85844,10
v1,12,1790805419865561,c2c6c48d872b6032:0x3249d,1,0,1,12,1,0,1,0,0,18717,85844,10
v1,13,1790805419891711,c2c6c48d872b6032:0x3289a,1,1,1,13,1,0,1,0,0,19738,85844,10
v1,14,1790805419894245,c2c6c48d872b6032:0x330c5,1,0,1,14,1,0,1,1,0,21829,85844,10
v1,15,1790805419969481,c2c6c48d872b6032:0x33185,1,0,1,15,1,0,1,1,0,22021,85844,10
v1,16,1790805419979044,c2c6c48d872b6032:0x31f3b,1,0,1,16,1,1,2,2,0,17339,85844,10
v1,1,1790805425811802,c2c6c48d872b6032:0xafb3,0,1,0,1,1,20,1,0,0,355,2272,0
v1,2,1790805425946593,c2c6c48d872b6032:0xb355,0,0,0,2,1,19,2,0,0,1285,2272,0
v1,3,1790805426110271,c2c6c48d872b6032:0x3344b,0,1,0,3,2,18,1,1,0,22731,85844,10
v1,4,1790805426211949,c2c6c48d872b6032:0x307ff,0,1,0,4,1,16,2,0,0,11391,85844,10
v1,5,1790805426215801,c2c6c48d872b6032:0x3b0b3,0,1,0,5,2,15,2,2,0,54579,85844,10
v1,6,1790805426223497,c2c6c48d872b6032:0x3f2b3,0,1,0,6,1,14,12,6,0,71475,85844,10
v1,7,1790805426280318,c2c6c48d872b6032:0x3bfcd,0,1,0,7,1,10,22,10,0,58445,85844,10
v1,8,1790805426320074,c2c6c48d872b6032:0x375bb,0,1,0,8,1,8,12,6,0,39483,85844,10
v1,9,1790805426324678,c2c6c48d872b6032:0x37686,0,0,0,9,1,8,4,4,0,39686,85844,10
v1,10,1790805426348324,c2c6c48d872b6032:0x30b0f,0,1,0,10,1,6,5,5,0,12175,85844,10
v1,11,1790805426353691,c2c6c48d872b6032:0x319f3,0,0,0,11,1,3,3,3,0,15987,85844,10
v1,12,1790805426364302,c2c6c48d872b6032:0x31f3b,0,1,0,12,1,2,2,2,0,17339,85844,10
v1,13,1790805426400714,c2c6c48d872b6032:0x2e610,0,1,0,13,3,1,1,0,0,2704,85844,10
v1,14,1790805426432242,c2c6c48d872b6032:0x30a23,1,0,0,14,5,0,1,1,0,11939,85844,10
v1,15,1790805426500199,c2c6c48d872b6032:0x30a6b,1,0,1,15,5,0,1,0,0,12011,85844,10
v1,16,1790805426510427,c2c6c48d872b6032:0x33eb5,1,0,7,16,5,0,1,1,0,25397,85844,10
v1,17,1790805426521988,c2c6c48d872b6032:0x33ff7,1,0,1,17,5,0,0,2,0,25719,85844,10
v1,18,1790805426527944,c2c6c48d872b6032:0x3403e,1,0,1,18,5,0,1,1,0,25790,85844,10
v1,19,1790805426533961,c2c6c48d872b6032:0x34080,1,0,1,19,5,0,1,1,0,25856,85844,10
v1,20,1790805426573739,c2c6c48d872b6032:0x2fdd5,1,1,1,20,3,1,2,0,0,8789,85844,10
v1,1,1790805431232986,c2c6c48d872b6032:0xafb3,0,1,0,1,1,21,1,0,0,355,2272,0
v1,2,1790805431281343,c2c6c48d872b6032:0xb355,0,0,0,2,1,20,2,0,0,1285,2272,0
v1,3,1790805431443207,c2c6c48d872b6032:0x3344b,0,1,0,3,2,19,1,1,0,22731,85844,10
v1,4,1790805431543777,c2c6c48d872b6032:0x307ff,0,1,0,4,1,17,2,0,0,11391,85844,10
v1,5,1790805431547620,c2c6c48d872b6032:0x3b0b3,0,1,0,5,2,16,2,2,0,54579,85844,10
v1,6,1790805431555318,c2c6c48d872b6032:0x3f2b3,0,1,0,6,1,15,12,6,0,71475,85844,10
v1,7,1790805431611720,c2c6c48d872b6032:0x3bfcd,0,1,0,7,1,11,22,10,0,58445,85844,10
v1,8,1790805431651187,c2c6c48d872b6032:0x375bb,0,1,0,8,1,9,12,6,0,39483,85844,10
v1,9,1790805431655789,c2c6c48d872b6032:0x37686,0,0,0,9,1,9,4,4,0,39686,85844,10
v1,10,1790805431679193,c2c6c48d872b6032:0x30b0f,0,1,0,10,1,7,5,5,0,12175,85844,10
v1,11,1790805431684523,c2c6c48d872b6032:0x319f3,0,0,0,11,1,4,3,3,0,15987,85844,10
v1,12,1790805431695133,c2c6c48d872b6032:0x31f3b,0,1,0,12,1,3,2,2,0,17339,85844,10
v1,13,1790805431731336,c2c6c48d872b6032:0x2e610,0,1,0,13,3,2,1,0,0,2704,85844,10
v1,14,1790805431762691,c2c6c48d872b6032:0x30a23,1,1,0,14,5,1,2,1,0,11939,85844,10
v1,15,1790805431809448,c2c6c48d872b6032:0x2fdd5,1,0,5,15,3,2,3,0,0,8789,85844,10
v1,1,1790805435823073,c2c6c48d872b6032:0xafb3,0,1,0,1,1,22,1,0,0,355,2272,0
v1,2,1790805435837086,c2c6c48d872b6032:0xb355,0,0,0,2,1,21,2,0,0,1285,2272,0
v1,3,1790805435999458,c2c6c48d872b6032:0x3344b,0,1,0,3,2,20,1,1,0,22731,85844,10
v1,4,1790805436100338,c2c6c48d872b6032:0x307ff,0,1,0,4,1,18,2,0,0,11391,85844,10
v1,5,1790805436104188,c2c6c48d872b6032:0x3b0b3,0,1,0,5,2,17,2,2,0,54579,85844,10
v1,6,1790805436111947,c2c6c48d872b6032:0x3f2b3,0,1,0,6,1,16,12,6,0,71475,85844,10
v1,7,1790805436168944,c2c6c48d872b6032:0x3bfcd,0,1,0,7,1,12,22,10,0,58445,85844,10
v1,8,1790805436208829,c2c6c48d872b6032:0x375bb,0,1,0,8,1,10,12,6,0,39483,85844,10
v1,9,1790805436213488,c2c6c48d872b6032:0x37686,0,0,0,9,1,10,4,4,0,39686,85844,10
v1,10,1790805436237486,c2c6c48d872b6032:0x30b0f,0,1,0,10,1,8,5,5,0,12175,85844,10
v1,11,1790805436242617,c2c6c48d872b6032:0x319f3,0,0,0,11,1,5,3,3,0,15987,85844,10
v1,12,1790805436253354,c2c6c48d872b6032:0x31f3b,0,1,0,12,1,4,2,2,0,17339,85844,10
v1,13,1790805436289947,c2c6c48d872b6032:0x2e610,1,0,0,13,3,3,2,0,0,2704,85844,10
v1,14,1790805436316633,c2c6c48d872b6032:0x2e653,1,0,1,14,3,0,1,0,0,2771,85844,10
v1,15,1790805436322089,c2c6c48d872b6032:0x2e697,1,0,2,15,3,0,1,0,0,2839,85844,10
v1,16,1790805436373519,c2c6c48d872b6032:0x2fdd5,1,0,3,16,3,3,4,0,0,8789,85844,10
v1,1,1790805441509344,c2c6c48d872b6032:0xafb3,0,1,0,1,1,23,1,0,0,355,2272,0
v1,2,1790805441618898,c2c6c48d872b6032:0xb355,0,0,0,2,1,22,2,0,0,1285,2272,0
v1,3,1790805441788698,c2c6c48d872b6032:0x3344b,0,1,0,3,2,21,1,1,0,22731,85844,10
v1,4,1790805441890438,c2c6c48d872b6032:0x307ff,0,1,0,4,1,19,2,0,0,11391,85844,10
v1,5,1790805441894317,c2c6c48d872b6032:0x3b0b3,0,1,0,5,2,18,2,2,0,54579,85844,10
v1,6,1790805441901819,c2c6c48d872b6032:0x3f2b3,0,0,0,6,1,17,12,6,0,71475,85844,10
v1,7,1790805441967976,c2c6c48d872b6032:0x3bfcd,0,0,0,7,1,13,22,10,0,58445,85844,10
v1,8,1790805442035487,c2c6c48d872b6032:0x375bb,0,0,0,8,1,11,12,6,0,39483,85844,10
v1,9,1790805442046674,c2c6c48d872b6032:0x37686,0,0,0,9,1,11,4,4,0,39686,85844,10
v1,10,1790805442070344,c2c6c48d872b6032:0x30b0f,0,1,0,10,1,9,5,5,0,12175,85844,10
v1,11,1790805442075508,c2c6c48d872b6032:0x319f3,0,1,0,11,1,6,3,3,0,15987,85844,10
v1,12,1790805442087807,c2c6c48d872b6032:0x3249d,0,0,0,12,1,1,1,0,0,18717,85844,10
v1,13,1790805442109624,c2c6c48d872b6032:0x32706,1,1,0,13,1,0,1,0,0,19334,85844,10
v1,14,1790805442173888,c2c6c48d872b6032:0x330c5,1,0,1,14,1,1,28,6,0,21829,85844,10
v1,15,1790805442247019,c2c6c48d872b6032:0x33185,1,0,1,15,1,1,2,2,0,22021,85844,10
v1,16,1790805442256050,c2c6c48d872b6032:0x31f3b,1,0,1,16,1,5,3,3,0,17339,85844,10
v1,17,1790805442288795,c2c6c48d872b6032:0x3a278,1,0,1,17,3,0,1,0,0,50936,85844,10
v1,1,1790805446754622,c2c6c48d872b6032:0xafb3,0,1,0,1,1,24,1,0,0,355,2272,0
v1,2,1790805446787993,c2c6c48d872b6032:0xb355,0,0,0,2,1,23,2,0,0,1285,2272,0
v1,3,1790805446950372,c2c6c48d872b6032:0x3344b,0,1,0,3,2,22,1,1,0,22731,85844,10
v1,4,1790805447050715,c2c6c48d872b6032:0x307ff,0,1,0,4,1,20,2,0,0,11391,85844,10
v1,5,1790805447054566,c2c6c48d872b6032:0x3b0b3,0,1,0,5,2,19,2,2,0,54579,85844,10
v1,6,1790805447061968,c2c6c48d872b6032:0x3f2b3,0,1,0,6,1,18,12,6,0,71475,85844,10
v1,7,1790805447118913,c2c6c48d872b6032:0x3bfcd,0,1,0,7,1,14,22,10,0,58445,85844,10
v1,8,1790805447158013,c2c6c48d872b6032:0x375bb,0,1,0,8,1,12,12,6,0,39483,85844,10
v1,9,1790805447162612,c2c6c48d872b6032:0x37686,0,0,0,9,1,12,4,4,0,39686,85844,10
v1,10,1790805447185901,c2c6c48d872b6032:0x30b0f,0,1,0,10,1,10,5,5,0,12175,85844,10
v1,11,1790805447191253,c2c6c48d872b6032:0x319f3,0,0,0,11,1,7,3,3,0,15987,85844,10
v1,12,1790805447201949,c2c6c48d872b6032:0x31f3b,0,1,0,12,1,6,3,3,0,17339,85844,10
v1,13,1790805447237737,c2c6c48d872b6032:0x2e610,0,1,0,13,3,4,2,0,0,2704,85844,10
v1,14,1790805447268865,c2c6c48d872b6032:0x30a23,0,0,0,14,5,2,2,1,0,11939,85844,10
v1,15,1790805447272488,c2c6c48d872b6032:0x30a6b,0,0,0,15,5,1,1,0,0,12011,85844,10
v1,16,1790805447280578,c2c6c48d872b6032:0x33eb5,0,0,0,16,5,1,1,1,0,25397,85844,10
v1,17,1790805447289457,c2c6c48d872b6032:0x33ff7,0,0,0,17,5,1,0,2,0,25719,85844,10
v1,18,1790805447293014,c2c6c48d872b6032:0x3403e,0,0,0,18,5,1,1,1,0,25790,85844,10
v1,19,1790805447296777,c2c6c48d872b6032:0x34080,1,1,0,19,5,1,2,2,0,25856,85844,10
v1,20,1790805447340163,c2c6c48d872b6032:0x3443f,1,0,1,20,5,0,0,2,0,26815,85844,10
v1,21,1790805447381434,c2c6c48d872b6032:0x2fdd5,1,0,1,21,3,4,5,0,0,8789,85844,10
v1,1,1790805453045000,c2c6c48d872b6032:0xafb3,0,1,0,1,1,25,1,0,0,355,2272,0
v1,2,1790805453197644,c2c6c48d872b6032:0xb355,0,0,0,2,1,24,2,0,0,1285,2272,0
v1,3,1790805453363304,c2c6c48d872b6032:0x3344b,0,1,0,3,2,23,1,1,0,22731,85844,10
v1,4,1790805453464344,c2c6c48d872b6032:0x307ff,0,1,0,4,1,21,2,0,0,11391,85844,10
v1,5,1790805453468142,c2c6c48d872b6032:0x3b0b3,0,1,0,5,2,20,2,2,0,54579,85844,10
v1,6,1790805453475564,c2c6c48d872b6032:0x3f2b3,0,1,0,6,1,19,12,6,0,71475,85844,10
v1,7,1790805453532072,c2c6c48d872b6032:0x3bfcd,0,1,0,7,1,15,22,10,0,58445,85844,10
v1,8,1790805453572274,c2c6c48d872b6032:0x375bb,0,1,0,8,1,13,12,6,0,39483,85844,10
v1,9,1790805453576866,c2c6c48d872b6032:0x37686,0,0,0,9,1,13,4,4,0,39686,85844,10
v1,10,1790805453600266,c2c6c48d872b6032:0x30b0f,0,1,0,10,1,11,5,5,0,12175,85844,10
v1,11,1790805453605571,c2c6c48d872b6032:0x319f3,0,0,0,11,1,8,3,3,0,15987,85844,10
v1,12,1790805453616200,c2c6c48d872b6032:0x31f3b,0,1,0,12,1,7,3,3,0,17339,85844,10
v1,13,1790805453652064,c2c6c48d872b6032:0x2e610,0,1,0,13,3,5,2,0,0,2704,85844,10
v1,14,1790805453683323,c2c6c48d872b6032:0x30a23,0,0,0,14,5,3,2,1,0,11939,85844,10
v1,15,1790805453687259,c2c6c48d872b6032:0x30a6b,1,1,0,15,5,2,2,0,0,12011,85844,10
v1,16,1790805453782419,c2c6c48d872b6032:0x2fdd5,1,0,7,16,3,5,6,0,0,8789,85844,10
v1,1,1790805459141325,c2c6c48d872b6032:0xafb3,0,1,0,1,1,26,1,0,0,355,2272,0
v1,2,1790805459282520,c2c6c48d872b6032:0xb355,0,0,0,2,1,25,2,0,0,1285,2272,0
v1,3,1790805459446947,c2c6c48d872b6032:0x3344b,0,1,0,3,2,24,1,1,0,22731,85844,10
v1,4,1790805459548530,c2c6c48d872b6032:0x307ff,0,1,0,4,1,22,2,0,0,11391,85844,10
v1,5,1790805459552300,c2c6c48d872b6032:0x3b0b3,0,1,0,5,2,21,2,2,0,54579,85844,10
v1,6,1790805459559843,c2c6c48d872b6032:0x3f2b3,0,1,0,6,1,20,12,6,0,71475,85844,10
v1,7,1790805459616629,c2c6c48d872b6032:0x3bfcd,0,1,0,7,1,16,22,10,0,58445,85844,10
v1,8,1790805459656674,c2c6c48d872b6032:0x375bb,0,1,0,8,1,14,12,6,0,39483,85844,10
v1,9,1790805459661323,c2c6c48d872b6032:0x37686,0,0,0,9,1,14,4,4,0,39686,85844,10
v1,10,1790805459684703,c2c6c48d872b6032:0x30b0f,0,1,0,10,1,12,5,5,0,12175,85844,10
v1,11,1790805459690116,c2c6c48d872b6032:0x319f3,0,0,0,11,1,9,3,3,0,15987,85844,10
v1,12,1790805459700760,c2c6c48d872b6032:0x31f3b,0,1,0,12,1,8,3,3,0,17339,85844,10
v1,13,1790805459736868,c2c6c48d872b6032:0x2e610,0,0,0,13,3,6,2,0,0,2704,85844,10
v1,14,1790805459740183,c2c6c48d872b6032:0x2e653,0,0,0,14,3,1,1,0,0,2771,85844,10
v1,15,1790805459743454,c2c6c48d872b6032:0x2e697,0,0,0,15,3,1,1,0,0,2839,85844,10
v1,16,1790805459801733,c2c6c48d872b6032:0x2fdd5,1,1,0,16,3,6,7,0,0,8789,85844,10
v1,1,1790805465018954,c2c6c48d872b6032:0xafb3,0,1,0,1,1,27,1,0,0,355,2272,0
v1,2,1790805465126465,c2c6c48d872b6032:0xb355,0,0,0,2,1,26,2,0,0,1285,2272,0
v1,3,1790805465289184,c2c6c48d872b6032:0x3344b,0,1,0,3,2,25,1,1,0,22731,85844,10
v1,4,1790805465390245,c2c6c48d872b6032:0x307ff,0,1,0,4,1,23,2,0,0,11391,85844,10
v1,5,1790805465394044,c2c6c48d872b6032:0x3b0b3,0,1,0,5,2,22,2,2,0,54579,85844,10
v1,6,1790805465401452,c2c6c48d872b6032:0x3f2b3,0,1,0,6,1,21,12,6,0,71475,85844,10
v1,7,1790805465457832,c2c6c48d872b6032:0x3bfcd,0,1,0,7,1,17,22,10,0,58445,85844,10
v1,8,1790805465497132,c2c6c48d872b6032:0x375bb,0,1,0,8,1,15,12,6,0,39483,85844,10
v1,9,1790805465501743,c2c6c48d872b6032:0x37686,0,1,0,9,1,15,4,4,0,39686,85844,10
v1,10,1790805465537962,c2c6c48d872b6032:0x3c1db,1,1,0,10,1,1,12,6,0,58971,85844,10
v1,11,1790805465600603,c2c6c48d872b6032:0x36cfe,1,0,1,11,2,1,2,2,0,37246,85844,10
v1,12,1790805465607110,c2c6c48d872b6032:0x36d48,1,1,1,12,4,1,1,2,0,37320,85844,10
v1,13,1790805465617083,c2c6c48d872b6032:0x36ed3,1,1,1,13,1,0,1,1,0,37715,85844,10
v1,14,1790805465627218,c2c6c48d872b6032:0x36fdb,1,1,1,14,4,1,2,1,0,37979,85844,10
v1,1,1790805469979879,c2c6c48d872b6032:0xafb3,0,1,0,1,1,28,1,0,0,355,2272,0
v1,2,1790805469996767,c2c6c48d872b6032:0xb355,0,0,0,2,1,27,2,0,0,1285,2272,0
v1,3,1790805470159666,c2c6c48d872b6032:0x3344b,0,1,0,3,2,26,1,1,0,22731,85844,10
v1,4,1790805470260295,c2c6c48d872b6032:0x307ff,0,1,0,4,1,24,2,0,0,11391,85844,10
v1,5,1790805470264136,c2c6c48d872b6032:0x3b0b3,0,1,0,5,2,23,2,2,0,54579,85844,10
v1,6,1790805470271783,c2c6c48d872b6032:0x3f2b3,0,1,0,6,1,22,12,6,0,71475,85844,10
v1,7,1790805470328125,c2c6c48d872b6032:0x3bfcd,0,1,0,7,1,18,22,10,0,58445,85844,10
v1,8,1790805470367758,c2c6c48d872b6032:0x375bb,0,1,0,8,1,16,12,6,0,39483,85844,10
v1,9,1790805470372386,c2c6c48d872b6032:0x37686,0,0,0,9,1,16,4,4,0,39686,85844,10
v1,10,1790805470395901,c2c6c48d872b6032:0x30b0f,0,1,0,10,1,13,5,5,0,12175,85844,10
v1,11,1790805470401225,c2c6c48d872b6032:0x319f3,0,0,0,11,1,10,3,3,0,15987,85844,10
v1,12,1790805470411902,c2c6c48d872b6032:0x31f3b,0,1,0,12,1,9,3,3,0,17339,85844,10
v1,13,1790805470448055,c2c6c48d872b6032:0x2e610,0,1,0,13,3,7,2,0,0,2704,85844,10
v1,14,1790805470479363,c2c6c48d872b6032:0x30a23,0,0,0,14,5,4,2,1,0,11939,85844,10
v1,15,1790805470482968,c2c6c48d872b6032:0x30a6b,0,0,0,15,5,3,2,0,0,12011,85844,10
v1,16,1790805470491075,c2c6c48d872b6032:0x33eb5,0,0,0,16,5,2,1,1,0,25397,85844,10
v1,17,1790805470500045,c2c6c48d872b6032:0x33ff7,0,0,0,17,5,2,0,2,0,25719,85844,10
v1,18,1790805470503785,c2c6c48d872b6032:0x3403e,0,0,0,18,5,2,1,1,0,25790,85844,10
v1,19,1790805470507099,c2c6c48d872b6032:0x34080,0,0,0,19,5,2,2,2,0,25856,85844,10
v1,20,1790805470540566,c2c6c48d872b6032:0x3443f,1,0,0,20,5,1,1,2,0,26815,85844,10
v1,21,1790805470602778,c2c6c48d872b6032:0x2fdd5,1,0,26,21,3,7,8,0,0,8789,85844,10
v1,1,1790805475427804,c2c6c48d872b6032:0xafb3,0,1,0,1,1,29,1,0,0,355,2272,0
v1,2,1790805475508866,c2c6c48d872b6032:0xb355,0,0,0,2,1,28,2,0,0,1285,2272,0
v1,3,1790805475672253,c2c6c48d872b6032:0x3344b,0,1,0,3,2,27,1,1,0,22731,85844,10
v1,4,1790805475773354,c2c6c48d872b6032:0x307ff,0,1,0,4,1,25,2,0,0,11391,85844,10
v1,5,1790805475777292,c2c6c48d872b6032:0x3b0b3,0,1,0,5,2,24,2,2,0,54579,85844,10
v1,6,1790805475785053,c2c6c48d872b6032:0x3f2b3,0,1,0,6,1,23,12,6,0,71475,85844,10
v1,7,1790805475842139,c2c6c48d872b6032:0x3bfcd,0,1,0,7,1,19,22,10,0,58445,85844,10
v1,8,1790805475881770,c2c6c48d872b6032:0x375bb,0,1,0,8,1,17,12,6,0,39483,85844,10
v1,9,1790805475886382,c2c6c48d872b6032:0x37686,0,0,0,9,1,17,4,4,0,39686,85844,10
v1,10,1790805475909883,c2c6c48d872b6032:0x30b0f,0,1,0,10,1,14,5,5,0,12175,85844,10
v1,11,1790805475915151,c2c6c48d872b6032:0x319f3,0,0,0,11,1,11,3,3,0,15987,85844,10
v1,12,1790805475925778,c2c6c48d872b6032:0x31f3b,0,1,0,12,1,10,3,3,0,17339,85844,10
v1,13,1790805475962078,c2c6c48d872b6032:0x2e610,0,0,0,13,3,8,2,0,0,2704,85844,10
v1,14,1790805475965566,c2c6c48d872b6032:0x2e653,0,0,0,14,3,2,1,0,0,2771,85844,10
v1,15,1790805475969397,c2c6c48d872b6032:0x2e697,1,1,0,15,3,2,2,0,0,2839,85844,10
v1,16,1790805476420010,c2c6c48d872b6032:0x2e4e2,1,0,20,16,3,0,1,0,0,2402,85844,10
v1,17,1790805476438289,c2c6c48d872b6032:0x2e610,1,0,22,17,6,9,3,0,0,2704,85844,10
v1,18,1790805476449934,c2c6c48d872b6032:0x2e653,1,0,26,18,6,3,2,1,0,2771,85844,10
v1,19,1790805476462234,c2c6c48d872b6032:0x2e697,1,0,1,19,6,3,106,37,0,2839,85844,10
v1,20,1790805476577212,c2c6c48d872b6032:0x2fcff,1,0,1,20,2,0,1,1,0,8575,85844,10
v1,21,1790805476583480,c2c6c48d872b6032:0x5a17d,1,1,1,21,2,0,1,0,0,141,5904,0
v1,22,1790805476595186,c2c6c48d872b6032:0x2fdd5,1,0,43,22,6,8,9,1,0,8789,85844,10
v1,1,1790805481698093,c2c6c48d872b6032:0xafb3,0,1,0,1,1,30,1,0,0,355,2272,0
v1,2,1790805481723992,c2c6c48d872b6032:0xb355,0,0,0,2,1,29,2,0,0,1285,2272,0
