schema_version,candidate_id,timestamp_us,branch_id,is_interesting,taken,constraint_count,path_length,symbolized_bytes
v1,1,1790758511004219,10728d70e0641a69:0x7b7dc,1,0,0,1,1
v1,2,1790758511251886,10728d70e0641a69:0x8eccc,1,1,1,2,8
v1,3,1790758511280002,10728d70e0641a69:0xa817c,1,0,2,3,4
v1,4,1790758511318729,10728d70e0641a69:0x1159e5,1,1,1,4,1
v1,5,1790758511330012,10728d70e0641a69:0x6cd2,1,1,1,5,1
v1,6,1790758511348552,10728d70e0641a69:0x115a2d,1,1,1,6,1
v1,7,1790758511413683,10728d70e0641a69:0xa81f9,1,0,21,7,1
v1,8,1790758511419123,10728d70e0641a69:0xa8240,1,0,1,8,1
v1,9,1790758511425708,10728d70e0641a69:0xa828b,1,0,2,9,1
v1,10,1790758511431391,10728d70e0641a69:0xa82d2,1,0,1,10,1
v1,11,1790758511438084,10728d70e0641a69:0xa831e,1,0,2,11,1
v1,12,1790758511443429,10728d70e0641a69:0xa8362,1,0,1,12,1
v1,13,1790758511449770,10728d70e0641a69:0xa83af,1,0,2,13,1
v1,14,1790758511454945,10728d70e0641a69:0xa83f8,1,0,2,14,1
v1,15,1790758511461915,10728d70e0641a69:0xa856e,1,0,3,15,4
v1,16,1790758511470591,10728d70e0641a69:0xa85ea,1,1,15,16,4
v1,17,1790758511483036,10728d70e0641a69:0x3e5dd,1,0,1,17,4
v1,18,1790758511492935,10728d70e0641a69:0x3e6a2,1,1,1,18,4
v1,19,1790758511508776,10728d70e0641a69:0xaa573,1,0,20,19,4
v1,20,1790758511517399,10728d70e0641a69:0x6cd2,1,1,1,20,1
v1,21,1790758511519949,10728d70e0641a69:0x115a2d,1,1,1,21,1
v1,22,1790758511574717,10728d70e0641a69:0xa6db7,1,1,48,22,1
v1,23,1790758511586831,10728d70e0641a69:0xa6ec6,1,1,1,23,5
v1,24,1790758511604891,10728d70e0641a69:0xaa60f,1,0,1,24,4
v1,25,1790758511613599,10728d70e0641a69:0xaa680,1,0,1,25,4
v1,26,1790758511621768,10728d70e0641a69:0xaa713,1,0,1,26,1
v1,27,1790758511627697,10728d70e0641a69:0xaa758,1,0,1,27,1
v1,28,1790758511632877,10728d70e0641a69:0xaa79c,1,0,2,28,1
v1,29,1790758511642084,10728d70e0641a69:0xaa82b,1,1,3,29,1
v1,30,1790758511696579,10728d70e0641a69:0xf247,1,0,1,30,4
v1,31,1790758511708970,10728d70e0641a69:0xf30f,1,0,7,31,4
v1,32,1790758511723408,10728d70e0641a69:0xf38b,1,0,8,32,4
v1,33,1790758511738660,10728d70e0641a69:0xf483,1,0,2,33,4
v1,34,1790758511747796,10728d70e0641a69:0xf500,1,1,3,34,1
v1,35,1790758511760859,10728d70e0641a69:0xf5cf,1,0,11,35,1
v1,36,1790758511766567,10728d70e0641a69:0xf613,1,0,4,36,1
v1,37,1790758511775337,10728d70e0641a69:0xf68f,1,0,5,37,1
v1,38,1790758511787946,10728d70e0641a69:0xf74c,1,0,6,38,1
v1,39,1790758511795634,10728d70e0641a69:0xf78f,1,0,1,39,1
v1,40,1790758511804277,10728d70e0641a69:0xf80c,1,1,1,40,1
v1,41,1790758511810518,10728d70e0641a69:0xf89a,1,0,1,41,1
v1,42,1790758511827528,10728d70e0641a69:0xf9a6,1,1,1,42,1
v1,43,1790758511836777,10728d70e0641a69:0xc4116,1,1,1,43,1
v1,44,1790758511844745,10728d70e0641a69:0xc4268,1,0,1,44,1
v1,45,1790758511865339,10728d70e0641a69:0xa817c,1,0,1,45,4
v1,46,1790758511867010,10728d70e0641a69:0x1159e5,1,1,1,46,1
v1,47,1790758511868422,10728d70e0641a69:0x6cd2,1,0,1,47,1
v1,48,1790758511879090,10728d70e0641a69:0x115a2d,1,1,1,48,1
v1,49,1790758511883830,10728d70e0641a69:0xa81f9,1,0,20,49,1
v1,50,1790758511885456,10728d70e0641a69:0xa8240,1,0,1,50,1
v1,51,1790758511887305,10728d70e0641a69:0xa828b,1,0,2,51,1
v1,52,1790758511888950,10728d70e0641a69:0xa82d2,1,0,1,52,1
v1,53,1790758511891018,10728d70e0641a69:0xa831e,1,0,2,53,1
v1,54,1790758511892666,10728d70e0641a69:0xa8362,1,0,1,54,1
v1,55,1790758511894909,10728d70e0641a69:0xa83af,1,0,2,55,1
v1,56,1790758511896628,10728d70e0641a69:0xa83f8,1,0,2,56,1
v1,57,1790758511898306,10728d70e0641a69:0xa856e,1,0,3,57,4
v1,58,1790758511900496,10728d70e0641a69:0xa85ea,1,1,1,58,4
v1,59,1790758511902756,10728d70e0641a69:0x3e5dd,1,0,1,59,4
v1,60,1790758511904683,10728d70e0641a69:0x3e6a2,1,0,1,60,4
v1,61,1790758511910623,10728d70e0641a69:0x3e6e6,1,0,1,61,4
v1,62,1790758511937968,10728d70e0641a69:0x3e730,1,1,1,62,1
v1,63,1790758511941463,10728d70e0641a69:0x3e9ce,1,0,1,63,4
v1,64,1790758511947966,10728d70e0641a69:0x3ea12,1,0,1,64,4
v1,65,1790758511957094,10728d70e0641a69:0x3ea56,1,0,1,65,4
v1,66,1790758511963380,10728d70e0641a69:0x3ea9a,1,0,29,66,4
v1,67,1790758511970308,10728d70e0641a69:0x3eade,1,0,31,67,4
v1,68,1790758511977118,10728d70e0641a69:0x3eb22,1,1,33,68,4
v1,69,1790758511997666,10728d70e0641a69:0xabb3b,1,1,35,69,4
v1,70,1790758512003768,10728d70e0641a69:0x6cd2,1,0,1,70,1
v1,71,1790758512007680,10728d70e0641a69:0x115a2d,1,1,1,71,1
v1,72,1790758512015650,10728d70e0641a69:0xa6db7,1,0,44,72,1
v1,73,1790758512028014,10728d70e0641a69:0xa6ec6,1,1,1,73,5
v1,74,1790758512039601,10728d70e0641a69:0xabcdc,1,1,1,74,4
v1,75,1790758512047290,10728d70e0641a69:0xabc8,1,0,1,75,4
v1,76,1790758512105856,10728d70e0641a69:0xa817c,1,0,2,76,4
v1,77,1790758512107942,10728d70e0641a69:0x1159e5,1,1,1,77,1
v1,78,1790758512109485,10728d70e0641a69:0x6cd2,1,0,1,78,1
v1,79,1790758512112038,10728d70e0641a69:0x115a2d,1,1,1,79,1
v1,80,1790758512118002,10728d70e0641a69:0xa81f9,1,0,20,80,1
v1,81,1790758512120775,10728d70e0641a69:0xa8240,1,0,1,81,1
v1,82,1790758512122715,10728d70e0641a69:0xa828b,1,0,2,82,1
v1,83,1790758512124393,10728d70e0641a69:0xa82d2,1,0,1,83,1
v1,84,1790758512127643,10728d70e0641a69:0xa831e,1,0,2,84,1
v1,85,1790758512129505,10728d70e0641a69:0xa8362,1,0,1,85,1
v1,86,1790758512132505,10728d70e0641a69:0xa83af,1,0,2,86,1
v1,87,1790758512135040,10728d70e0641a69:0xa83f8,1,0,2,87,1
v1,88,1790758512137066,10728d70e0641a69:0xa856e,1,0,3,88,4
v1,89,1790758512139366,10728d70e0641a69:0xa85ea,1,1,1,89,4
v1,90,1790758512141815,10728d70e0641a69:0x3e5dd,1,0,1,90,4
v1,91,1790758512143918,10728d70e0641a69:0x3e6a2,1,0,1,91,4
v1,92,1790758512146152,10728d70e0641a69:0x3e6e6,1,0,1,92,4
v1,93,1790758512148573,10728d70e0641a69:0x3e730,1,1,1,93,1
v1,94,1790758512151779,10728d70e0641a69:0x3e9ce,1,0,1,94,4
v1,95,1790758512154635,10728d70e0641a69:0x3ea12,1,0,1,95,4
v1,96,1790758512158277,10728d70e0641a69:0x3ea56,1,0,1,96,4
v1,97,1790758512161773,10728d70e0641a69:0x3ea9a,1,0,29,97,4
v1,98,1790758512165659,10728d70e0641a69:0x3eade,1,0,31,98,4
v1,99,1790758512168716,10728d70e0641a69:0x3eb22,1,0,33,99,4
v1,100,1790758512175509,10728d70e0641a69:0x3eb66,1,0,35,100,4
v1,101,1790758512182512,10728d70e0641a69:0x3ebaa,1,0,37,101,4
v1,102,1790758512189728,10728d70e0641a69:0x3ebee,1,0,39,102,4
v1,103,1790758512197197,10728d70e0641a69:0x3ec32,1,0,41,103,4
v1,104,1790758512205141,10728d70e0641a69:0x3ec76,1,0,43,104,4
v1,105,1790758512213503,10728d70e0641a69:0x3ecba,1,0,45,105,4
v1,106,1790758512221506,10728d70e0641a69:0x3ecfe,1,1,47,106,4
v1,107,1790758512243851,10728d70e0641a69:0xacdeb,1,1,49,107,4
v1,108,1790758512252963,10728d70e0641a69:0x6cd2,1,0,1,108,1
v1,109,1790758512259344,10728d70e0641a69:0x115a2d,1,1,1,109,1
v1,110,1790758512264365,10728d70e0641a69:0xa6db7,1,0,37,110,1
v1,111,1790758512273045,10728d70e0641a69:0xa6ec6,1,1,1,111,5
v1,112,1790758512295458,10728d70e0641a69:0xb594,1,0,1,112,1
v1,113,1790758512317162,10728d70e0641a69:0xb7f4,1,1,1,113,4
v1,114,1790758512379031,10728d70e0641a69:0xa817c,1,0,1,114,4
v1,115,1790758512380910,10728d70e0641a69:0x1159e5,1,1,1,115,1
v1,116,1790758512382834,10728d70e0641a69:0x115a2d,1,1,1,116,1
v1,117,1790758512389187,10728d70e0641a69:0xa85ea,1,1,21,117,4
v1,118,1790758512415507,10728d70e0641a69:0xaac9f,1,0,1,118,1
v1,119,1790758512427888,10728d70e0641a69:0xaace6,1,1,1,119,4
v1,120,1790758512443279,10728d70e0641a69:0xa897f,1,0,1,120,4
v1,121,1790758512453669,10728d70e0641a69:0xa8a0f,1,1,1,121,4
v1,122,1790758512460780,10728d70e0641a69:0xa904a,1,0,1,122,4
v1,123,1790758512496942,10728d70e0641a69:0x115a2d,1,0,1,123,1
v1,124,1790758524722818,10728d70e0641a69:0xa90b0,1,0,63,124,4
v1,125,1790758524733279,10728d70e0641a69:0x115a2d,1,0,1,125,40
v1,126,1790758538774300,10728d70e0641a69:0xa9118,1,0,63,126,4
v1,1,1790758600425963,10728d70e0641a69:0x7b7dc,0,0,0,1,1
v1,2,1790758600600217,10728d70e0641a69:0x8eccc,1,0,0,2,8
v1,3,1790758600693683,10728d70e0641a69:0xa7f5f,1,0,2,3,8
v1,4,1790758600711378,10728d70e0641a69:0x8eccc,1,1,3,4,4
v1,1,1790758606611013,10728d70e0641a69:0x7b7dc,0,0,0,1,1
v1,2,1790758606770567,10728d70e0641a69:0x8eccc,0,1,0,2,8
v1,3,1790758606794669,10728d70e0641a69:0xa817c,0,0,0,3,4
v1,4,1790758606830661,10728d70e0641a69:0x1159e5,0,1,0,4,1
v1,5,1790758606840423,10728d70e0641a69:0x6cd2,0,0,0,5,1
v1,6,1790758606862075,10728d70e0641a69:0x115a2d,0,1,0,6,1
v1,7,1790758606921200,10728d70e0641a69:0xa81f9,0,0,0,7,1
v1,8,1790758606925008,10728d70e0641a69:0xa8240,0,0,0,8,1
v1,9,1790758606928990,10728d70e0641a69:0xa828b,0,0,0,9,1
v1,10,1790758606932751,10728d70e0641a69:0xa82d2,0,0,0,10,1
v1,11,1790758606937144,10728d70e0641a69:0xa831e,0,0,0,11,1
v1,12,1790758606940876,10728d70e0641a69:0xa8362,0,0,0,12,1
v1,13,1790758606945015,10728d70e0641a69:0xa83af,0,0,0,13,1
v1,14,1790758606948712,10728d70e0641a69:0xa83f8,0,0,0,14,1
v1,15,1790758606953628,10728d70e0641a69:0xa856e,0,0,0,15,4
v1,16,1790758606960220,10728d70e0641a69:0xa85ea,0,1,0,16,4
v1,17,1790758606969971,10728d70e0641a69:0x3e5dd,0,0,0,17,4
v1,18,1790758606976998,10728d70e0641a69:0x3e6a2,0,0,0,18,4
v1,19,1790758606980412,10728d70e0641a69:0x3e6e6,0,0,0,19,4
v1,20,1790758607003553,10728d70e0641a69:0x3e730,0,1,0,20,1
v1,21,1790758607004527,10728d70e0641a69:0x3e9ce,0,0,0,21,4
v1,22,1790758607008025,10728d70e0641a69:0x3ea12,0,0,0,22,4
v1,23,1790758607011600,10728d70e0641a69:0x3ea56,0,0,0,23,4
v1,24,1790758607015108,10728d70e0641a69:0x3ea9a,0,0,0,24,4
v1,25,1790758607018594,10728d70e0641a69:0x3eade,0,0,0,25,4
v1,26,1790758607022122,10728d70e0641a69:0x3eb22,0,0,0,26,4
v1,27,1790758607025627,10728d70e0641a69:0x3eb66,0,0,0,27,4
v1,28,1790758607029107,10728d70e0641a69:0x3ebaa,0,0,0,28,4
v1,29,1790758607032596,10728d70e0641a69:0x3ebee,0,0,0,29,4
v1,30,1790758607036112,10728d70e0641a69:0x3ec32,0,0,0,30,4
v1,31,1790758607040016,10728d70e0641a69:0x3ec76,1,1,0,31,4
v1,32,1790758607147616,10728d70e0641a69:0x290c3,1,0,1,32,1
v1,33,1790758607154828,10728d70e0641a69:0x2910c,1,0,1,33,1
v1,34,1790758607165909,10728d70e0641a69:0x2919f,1,0,1,34,1
v1,35,1790758607173790,10728d70e0641a69:0x291e6,1,0,1,35,1
v1,36,1790758607185732,10728d70e0641a69:0x29277,1,0,1,36,1
v1,37,1790758607193705,10728d70e0641a69:0x292be,1,0,1,37,1
v1,38,1790758607204557,10728d70e0641a69:0x2934c,1,0,1,38,1
v1,39,1790758607212039,10728d70e0641a69:0x29394,1,0,1,39,1
v1,1,1790758612343092,10728d70e0641a69:0x7b7dc,0,0,0,1,1
v1,2,1790758612465751,10728d70e0641a69:0x8eccc,0,1,0,2,8
v1,3,1790758612489684,10728d70e0641a69:0xa817c,0,0,0,3,4
v1,4,1790758612525326,10728d70e0641a69:0x1159e5,0,1,0,4,1
v1,5,1790758612535085,10728d70e0641a69:0x6cd2,0,1,0,5,1
v1,6,1790758612551534,10728d70e0641a69:0x115a2d,0,1,0,6,1
v1,7,1790758612610302,10728d70e0641a69:0xa81f9,0,0,0,7,1
v1,8,1790758612613998,10728d70e0641a69:0xa8240,0,0,0,8,1
v1,9,1790758612617897,10728d70e0641a69:0xa828b,0,0,0,9,1
v1,10,1790758612621594,10728d70e0641a69:0xa82d2,0,0,0,10,1
v1,11,1790758612625928,10728d70e0641a69:0xa831e,0,0,0,11,1
v1,12,1790758612629640,10728d70e0641a69:0xa8362,0,0,0,12,1
v1,13,1790758612633779,10728d70e0641a69:0xa83af,0,0,0,13,1
v1,14,1790758612637475,10728d70e0641a69:0xa83f8,0,0,0,14,1
v1,15,1790758612642263,10728d70e0641a69:0xa856e,0,0,0,15,4
v1,16,1790758612649181,10728d70e0641a69:0xa85ea,1,0,0,16,4
v1,17,1790758612712054,10728d70e0641a69:0x3078c,1,1,1,17,4
v1,18,1790758612720390,10728d70e0641a69:0x290c3,1,0,1,18,1
v1,19,1790758612727312,10728d70e0641a69:0x2910c,1,0,1,19,1
v1,20,1790758612738851,10728d70e0641a69:0x2919f,1,0,1,20,1
v1,21,1790758612745864,10728d70e0641a69:0x291e6,1,0,1,21,1
v1,22,1790758612756804,10728d70e0641a69:0x29277,1,0,1,22,1
v1,23,1790758612763816,10728d70e0641a69:0x292be,1,0,1,23,1
v1,24,1790758612774287,10728d70e0641a69:0x2934c,1,0,1,24,1
v1,25,1790758612781271,10728d70e0641a69:0x29394,1,0,1,25,1
v1,26,1790758612851617,10728d70e0641a69:0x30a82,1,0,1,26,1
v1,27,1790758613142119,10728d70e0641a69:0x3e5dd,1,0,1,27,4
v1,28,1790758613155891,10728d70e0641a69:0x3e6a2,1,1,1,28,4
v1,29,1790758613171734,10728d70e0641a69:0xaa573,1,1,1,29,4
v1,30,1790758613189022,10728d70e0641a69:0x290c3,1,0,1,30,1
v1,31,1790758613194019,10728d70e0641a69:0x2910c,1,0,1,31,1
v1,32,1790758613199042,10728d70e0641a69:0x2919f,1,0,1,32,1
v1,33,1790758613203898,10728d70e0641a69:0x291e6,1,0,1,33,1
v1,34,1790758613209193,10728d70e0641a69:0x29277,1,0,1,34,1
v1,35,1790758613214625,10728d70e0641a69:0x292be,1,0,1,35,1
v1,36,1790758613219955,10728d70e0641a69:0x2934c,1,0,1,36,1
v1,37,1790758613225334,10728d70e0641a69:0x29394,1,0,1,37,1
v1,1,1790758618337406,10728d70e0641a69:0x7b7dc,0,0,0,1,1
v1,2,1790758618472047,10728d70e0641a69:0x8eccc,0,1,0,2,8
v1,3,1790758618495842,10728d70e0641a69:0xa817c,0,0,0,3,4
v1,4,1790758618531236,10728d70e0641a69:0x1159e5,0,1,0,4,1
v1,5,1790758618541149,10728d70e0641a69:0x6cd2,0,1,0,5,1
v1,6,1790758618557820,10728d70e0641a69:0x115a2d,0,1,0,6,1
v1,7,1790758618616470,10728d70e0641a69:0xa81f9,0,0,0,7,1
v1,8,1790758618620178,10728d70e0641a69:0xa8240,0,0,0,8,1
v1,9,1790758618624504,10728d70e0641a69:0xa828b,1,1,0,9,1
v1,10,1790758618700595,10728d70e0641a69:0x290c3,1,0,1,10,1
v1,11,1790758618707277,10728d70e0641a69:0x2910c,1,0,1,11,1
v1,12,1790758618717678,10728d70e0641a69:0x2919f,1,0,1,12,1
v1,13,1790758618724160,10728d70e0641a69:0x291e6,1,0,1,13,1
v1,14,1790758618735554,10728d70e0641a69:0x29277,1,0,1,14,1
v1,15,1790758618742451,10728d70e0641a69:0x292be,1,1,1,15,1
v1,16,1790758618756181,10728d70e0641a69:0x2934c,1,0,40,16,1
v1,17,1790758618763439,10728d70e0641a69:0x29394,1,0,1,17,1
v1,1,1790758624314840,10728d70e0641a69:0x7b7dc,0,0,0,1,1
v1,2,1790758624457747,10728d70e0641a69:0x8eccc,0,1,0,2,8
v1,3,1790758624482655,10728d70e0641a69:0xa817c,0,0,0,3,4
v1,4,1790758624519121,10728d70e0641a69:0x1159e5,0,1,0,4,1
v1,5,1790758624529176,10728d70e0641a69:0x6cd2,0,1,0,5,1
v1,6,1790758624546391,10728d70e0641a69:0x115a2d,0,1,0,6,1
v1,7,1790758624608858,10728d70e0641a69:0xa81f9,0,0,0,7,1
v1,8,1790758624612784,10728d70e0641a69:0xa8240,0,0,0,8,1
v1,9,1790758624616898,10728d70e0641a69:0xa828b,0,0,0,9,1
v1,10,1790758624620810,10728d70e0641a69:0xa82d2,0,0,0,10,1
v1,11,1790758624625426,10728d70e0641a69:0xa831e,0,0,0,11,1
v1,12,1790758624629316,10728d70e0641a69:0xa8362,0,0,0,12,1
v1,13,1790758624633690,10728d70e0641a69:0xa83af,0,0,0,13,1
v1,14,1790758624637589,10728d70e0641a69:0xa83f8,0,0,0,14,1
v1,15,1790758624643236,10728d70e0641a69:0xa856e,1,1,0,15,4
v1,16,1790758624717502,10728d70e0641a69:0xa86d8,1,1,1,16,1
v1,17,1790758624725532,10728d70e0641a69:0xa875f,1,0,1,17,1
v1,18,1790758624729746,10728d70e0641a69:0xa877c,1,0,1,18,1
v1,19,1790758624732861,10728d70e0641a69:0xa8783,1,0,1,19,1
v1,20,1790758624740610,10728d70e0641a69:0xa85ea,1,1,1,20,4
v1,21,1790758624754273,10728d70e0641a69:0x3e5dd,1,1,1,21,4
v1,22,1790758624776136,10728d70e0641a69:0x290c3,1,0,1,22,1
v1,23,1790758624783215,10728d70e0641a69:0x2910c,1,0,1,23,1
v1,24,1790758624794840,10728d70e0641a69:0x2919f,1,0,1,24,1
v1,25,1790758624802175,10728d70e0641a69:0x291e6,1,0,1,25,1
v1,26,1790758624813373,10728d70e0641a69:0x29277,1,0,1,26,1
v1,27,1790758624822547,10728d70e0641a69:0x292be,1,0,1,27,1
v1,28,1790758624833791,10728d70e0641a69:0x2934c,1,0,1,28,1
v1,29,1790758624843672,10728d70e0641a69:0x29394,1,0,1,29,1
v1,1,1790758629664094,10728d70e0641a69:0x7b7dc,0,0,0,1,1
v1,2,1790758629760484,10728d70e0641a69:0x8eccc,0,1,0,2,8
v1,3,1790758629784157,10728d70e0641a69:0xa817c,0,0,0,3,4
v1,4,1790758629819413,10728d70e0641a69:0x1159e5,0,1,0,4,1
v1,5,1790758629829050,10728d70e0641a69:0x6cd2,0,0,0,5,1
v1,6,1790758629850367,10728d70e0641a69:0x115a2d,0,1,0,6,1
v1,7,1790758629908365,10728d70e0641a69:0xa81f9,0,0,0,7,1
v1,8,1790758629912046,10728d70e0641a69:0xa8240,0,0,0,8,1
v1,9,1790758629915940,10728d70e0641a69:0xa828b,0,0,0,9,1
v1,10,1790758629919585,10728d70e0641a69:0xa82d2,0,0,0,10,1
v1,11,1790758629923927,10728d70e0641a69:0xa831e,0,0,0,11,1
v1,12,1790758629927629,10728d70e0641a69:0xa8362,0,0,0,12,1
v1,13,1790758629931765,10728d70e0641a69:0xa83af,0,0,0,13,1
v1,14,1790758629935421,10728d70e0641a69:0xa83f8,0,0,0,14,1
v1,15,1790758629940177,10728d70e0641a69:0xa856e,0,0,0,15,4
v1,16,1790758629946583,10728d70e0641a69:0xa85ea,0,1,0,16,4
v1,17,1790758629956111,10728d70e0641a69:0x3e5dd,0,0,0,17,4
v1,18,1790758629963027,10728d70e0641a69:0x3e6a2,0,0,0,18,4
v1,19,1790758629966422,10728d70e0641a69:0x3e6e6,0,0,0,19,4
v1,20,1790758629989614,10728d70e0641a69:0x3e730,0,1,0,20,1
v1,21,1790758629990589,10728d70e0641a69:0x3e9ce,0,0,0,21,4
v1,22,1790758629994074,10728d70e0641a69:0x3ea12,0,0,0,22,4
v1,23,1790758629997502,10728d70e0641a69:0x3ea56,0,0,0,23,4
v1,24,1790758630000906,10728d70e0641a69:0x3ea9a,0,0,0,24,4
v1,25,1790758630004352,10728d70e0641a69:0x3eade,0,0,0,25,4
v1,26,1790758630007767,10728d70e0641a69:0x3eb22,0,0,0,26,4
v1,27,1790758630011163,10728d70e0641a69:0x3eb66,0,0,0,27,4
v1,28,1790758630014600,10728d70e0641a69:0x3ebaa,0,0,0,28,4
v1,29,1790758630018023,10728d70e0641a69:0x3ebee,0,0,0,29,4
v1,30,1790758630021477,10728d70e0641a69:0x3ec32,0,0,0,30,4
v1,31,1790758630024734,10728d70e0641a69:0x3ec76,0,0,0,31,4
v1,32,1790758630028438,10728d70e0641a69:0x3ecba,1,1,0,32,4
v1,33,1790758630087571,10728d70e0641a69:0x290c3,1,0,1,33,1
v1,34,1790758630094690,10728d70e0641a69:0x2910c,1,0,1,34,1
v1,35,1790758630105799,10728d70e0641a69:0x2919f,1,0,1,35,1
v1,36,1790758630113028,10728d70e0641a69:0x291e6,1,0,1,36,1
v1,37,1790758630124946,10728d70e0641a69:0x29277,1,0,1,37,1
v1,38,1790758630132136,10728d70e0641a69:0x292be,1,0,1,38,1
v1,39,1790758630143146,10728d70e0641a69:0x2934c,1,0,1,39,1
v1,40,1790758630151091,10728d70e0641a69:0x29394,1,0,1,40,1
v1,1,1790758635972390,10728d70e0641a69:0x7b7dc,0,0,0,1,1
v1,2,1790758636126536,10728d70e0641a69:0x8eccc,0,1,0,2,8
v1,3,1790758636150845,10728d70e0641a69:0xa817c,0,0,0,3,4
v1,4,1790758636186334,10728d70e0641a69:0x1159e5,0,1,0,4,1
v1,5,1790758636196065,10728d70e0641a69:0x6cd2,0,0,0,5,1
v1,6,1790758636217929,10728d70e0641a69:0x115a2d,0,1,0,6,1
v1,7,1790758636276760,10728d70e0641a69:0xa81f9,0,0,0,7,1
v1,8,1790758636280539,10728d70e0641a69:0xa8240,0,0,0,8,1
v1,9,1790758636284548,10728d70e0641a69:0xa828b,0,0,0,9,1
v1,10,1790758636288273,10728d70e0641a69:0xa82d2,0,0,0,10,1
v1,11,1790758636292431,10728d70e0641a69:0xa831e,0,0,0,11,1
v1,12,1790758636296146,10728d70e0641a69:0xa8362,0,0,0,12,1
v1,13,1790758636300334,10728d70e0641a69:0xa83af,0,0,0,13,1
v1,14,1790758636304152,10728d70e0641a69:0xa83f8,0,0,0,14,1
v1,15,1790758636309056,10728d70e0641a69:0xa856e,0,0,0,15,4
v1,16,1790758636315565,10728d70e0641a69:0xa85ea,0,1,0,16,4
v1,17,1790758636325224,10728d70e0641a69:0x3e5dd,0,0,0,17,4
v1,18,1790758636332381,10728d70e0641a69:0x3e6a2,0,0,0,18,4
v1,19,1790758636335837,10728d70e0641a69:0x3e6e6,0,0,0,19,4
v1,20,1790758636359256,10728d70e0641a69:0x3e730,0,1,0,20,1
v1,21,1790758636360234,10728d70e0641a69:0x3e9ce,0,0,0,21,4
v1,22,1790758636363710,10728d70e0641a69:0x3ea12,0,0,0,22,4
v1,23,1790758636367138,10728d70e0641a69:0x3ea56,0,0,0,23,4
v1,24,1790758636370608,10728d70e0641a69:0x3ea9a,0,0,0,24,4
v1,25,1790758636374050,10728d70e0641a69:0x3eade,0,0,0,25,4
v1,26,1790758636377343,10728d70e0641a69:0x3eb22,0,0,0,26,4
v1,27,1790758636380786,10728d70e0641a69:0x3eb66,0,0,0,27,4
v1,28,1790758636384759,10728d70e0641a69:0x3ebaa,1,1,0,28,4
v1,29,1790758636485245,10728d70e0641a69:0x290c3,1,0,1,29,1
v1,30,1790758636493257,10728d70e0641a69:0x2910c,1,0,1,30,1
v1,31,1790758636504427,10728d70e0641a69:0x2919f,1,0,1,31,1
v1,32,1790758636511346,10728d70e0641a69:0x291e6,1,0,1,32,1
v1,33,1790758636522302,10728d70e0641a69:0x29277,1,0,1,33,1
v1,34,1790758636529439,10728d70e0641a69:0x292be,1,0,1,34,1
v1,35,1790758636540360,10728d70e0641a69:0x2934c,1,0,1,35,1
v1,36,1790758636548211,10728d70e0641a69:0x29394,1,0,1,36,1
v1,1,1790758641152862,10728d70e0641a69:0x7b7dc,0,0,0,1,1
v1,2,1790758641239470,10728d70e0641a69:0x8eccc,0,1,0,2,8
v1,3,1790758641264354,10728d70e0641a69:0xa817c,0,0,0,3,4
v1,4,1790758641300060,10728d70e0641a69:0x1159e5,0,1,0,4,1
v1,5,1790758641309857,10728d70e0641a69:0x6cd2,0,0,0,5,1
v1,6,1790758641331694,10728d70e0641a69:0x115a2d,0,1,0,6,1
v1,7,1790758641390815,10728d70e0641a69:0xa81f9,0,0,0,7,1
v1,8,1790758641394526,10728d70e0641a69:0xa8240,0,0,0,8,1
v1,9,1790758641398476,10728d70e0641a69:0xa828b,0,0,0,9,1
v1,10,1790758641402184,10728d70e0641a69:0xa82d2,0,0,0,10,1
v1,11,1790758641406536,10728d70e0641a69:0xa831e,0,0,0,11,1
v1,12,1790758641411483,10728d70e0641a69:0xa8362,0,0,0,12,1
v1,13,1790758641415724,10728d70e0641a69:0xa83af,0,0,0,13,1
v1,14,1790758641419495,10728d70e0641a69:0xa83f8,0,0,0,14,1
v1,15,1790758641424415,10728d70e0641a69:0xa856e,0,0,0,15,4
v1,16,1790758641430967,10728d70e0641a69:0xa85ea,0,1,0,16,4
v1,17,1790758641440889,10728d70e0641a69:0x3e5dd,0,0,0,17,4
v1,18,1790758641448031,10728d70e0641a69:0x3e6a2,0,0,0,18,4
v1,19,1790758641451517,10728d70e0641a69:0x3e6e6,0,0,0,19,4
v1,20,1790758641474885,10728d70e0641a69:0x3e730,0,1,0,20,1
v1,21,1790758641475881,10728d70e0641a69:0x3e9ce,0,0,0,21,4
v1,22,1790758641479367,10728d70e0641a69:0x3ea12,0,0,0,22,4
v1,23,1790758641482823,10728d70e0641a69:0x3ea56,0,0,0,23,4
v1,24,1790758641486265,10728d70e0641a69:0x3ea9a,0,0,0,24,4
v1,25,1790758641489706,10728d70e0641a69:0x3eade,0,0,0,25,4
v1,26,1790758641493173,10728d70e0641a69:0x3eb22,0,0,0,26,4
v1,27,1790758641496637,10728d70e0641a69:0x3eb66,0,0,0,27,4
v1,28,1790758641500119,10728d70e0641a69:0x3ebaa,0,0,0,28,4
v1,29,1790758641503609,10728d70e0641a69:0x3ebee,0,0,0,29,4
v1,30,1790758641507092,10728d70e0641a69:0x3ec32,0,0,0,30,4
v1,31,1790758641510533,10728d70e0641a69:0x3ec76,0,0,0,31,4
v1,32,1790758641513968,10728d70e0641a69:0x3ecba,0,0,0,32,4
v1,33,1790758641517818,10728d70e0641a69:0x3ecfe,1,0,0,33,4
v1,34,1790758641541390,10728d70e0641a69:0x3ed42,1,0,1,34,4
v1,35,1790758641553540,10728d70e0641a69:0x3ed86,1,0,1,35,4
v1,36,1790758641565712,10728d70e0641a69:0x3edca,1,1,1,36,4
v1,37,1790758641619287,10728d70e0641a69:0x290c3,1,0,1,37,1
v1,38,1790758641635033,10728d70e0641a69:0x2910c,1,0,1,38,1
v1,39,1790758641655048,10728d70e0641a69:0x2919f,1,0,1,39,1
v1,40,1790758641671493,10728d70e0641a69:0x291e6,1,0,1,40,1
v1,41,1790758641692516,10728d70e0641a69:0x29277,1,0,1,41,1
v1,42,1790758641710701,10728d70e0641a69:0x292be,1,0,1,42,1
v1,43,1790758641733937,10728d70e0641a69:0x2934c,1,0,1,43,1
v1,44,1790758641754016,10728d70e0641a69:0x29394,1,0,1,44,1
v1,1,1790758647892016,10728d70e0641a69:0x7b7dc,0,0,0,1,1
v1,2,1790758648069400,10728d70e0641a69:0x8eccc,0,1,0,2,8
v1,3,1790758648093482,10728d70e0641a69:0xa817c,0,0,0,3,4
v1,4,1790758648129274,10728d70e0641a69:0x1159e5,0,1,0,4,1
v1,5,1790758648139069,10728d70e0641a69:0x6cd2,0,0,0,5,1
v1,6,1790758648160836,10728d70e0641a69:0x115a2d,0,1,0,6,1
v1,7,1790758648219851,10728d70e0641a69:0xa81f9,0,0,0,7,1
v1,8,1790758648223597,10728d70e0641a69:0xa8240,0,0,0,8,1
v1,9,1790758648227516,10728d70e0641a69:0xa828b,0,0,0,9,1
v1,10,1790758648231015,10728d70e0641a69:0xa82d2,0,0,0,10,1
v1,11,1790758648235367,10728d70e0641a69:0xa831e,0,0,0,11,1
v1,12,1790758648239048,10728d70e0641a69:0xa8362,0,0,0,12,1
v1,13,1790758648243162,10728d70e0641a69:0xa83af,0,0,0,13,1
v1,14,1790758648246823,10728d70e0641a69:0xa83f8,0,0,0,14,1
v1,15,1790758648251590,10728d70e0641a69:0xa856e,0,0,0,15,4
v1,16,1790758648257805,10728d70e0641a69:0xa85ea,0,1,0,16,4
v1,17,1790758648267493,10728d70e0641a69:0x3e5dd,0,0,0,17,4
v1,18,1790758648274540,10728d70e0641a69:0x3e6a2,0,0,0,18,4
v1,19,1790758648277957,10728d70e0641a69:0x3e6e6,0,0,0,19,4
v1,20,1790758648301084,10728d70e0641a69:0x3e730,0,1,0,20,1
v1,21,1790758648302053,10728d70e0641a69:0x3e9ce,0,0,0,21,4
v1,22,1790758648305582,10728d70e0641a69:0x3ea12,0,0,0,22,4
v1,23,1790758648309040,10728d70e0641a69:0x3ea56,0,0,0,23,4
v1,24,1790758648312495,10728d70e0641a69:0x3ea9a,0,0,0,24,4
v1,25,1790758648316006,10728d70e0641a69:0x3eade,0,0,0,25,4
v1,26,1790758648319504,10728d70e0641a69:0x3eb22,0,0,0,26,4
v1,27,1790758648322911,10728d70e0641a69:0x3eb66,0,0,0,27,4
v1,28,1790758648326183,10728d70e0641a69:0x3ebaa,0,0,0,28,4
v1,29,1790758648329708,10728d70e0641a69:0x3ebee,0,0,0,29,4
v1,30,1790758648333211,10728d70e0641a69:0x3ec32,0,0,0,30,4
v1,31,1790758648336717,10728d70e0641a69:0x3ec76,0,0,0,31,4
v1,32,1790758648340193,10728d70e0641a69:0x3ecba,0,0,0,32,4
v1,33,1790758648343654,10728d70e0641a69:0x3ecfe,0,0,0,33,4
v1,34,1790758648347109,10728d70e0641a69:0x3ed42,0,0,0,34,4
v1,35,1790758648350578,10728d70e0641a69:0x3ed86,0,0,0,35,4
v1,36,1790758648354398,10728d70e0641a69:0x3edca,1,0,0,36,4
v1,37,1790758648458361,10728d70e0641a69:0x3ee0e,1,1,1,37,4
v1,38,1790758648495470,10728d70e0641a69:0x290c3,1,0,1,38,1
v1,39,1790758648510801,10728d70e0641a69:0x2910c,1,0,1,39,1
v1,40,1790758648532113,10728d70e0641a69:0x2919f,1,0,1,40,1
v1,41,1790758648550838,10728d70e0641a69:0x291e6,1,0,1,41,1
v1,42,1790758648574402,10728d70e0641a69:0x29277,1,0,1,42,1
v1,43,1790758648596809,10728d70e0641a69:0x292be,1,0,1,43,1
v1,44,1790758648623117,10728d70e0641a69:0x2934c,1,0,1,44,1
v1,45,1790758648647128,10728d70e0641a69:0x29394,1,0,1,45,1
v1,1,1790758655306798,10728d70e0641a69:0x7b7dc,0,0,0,1,1
v1,2,1790758655514801,10728d70e0641a69:0x8eccc,0,1,0,2,8
v1,3,1790758655539052,10728d70e0641a69:0xa817c,0,0,0,3,4
v1,4,1790758655574744,10728d70e0641a69:0x1159e5,0,1,0,4,1
v1,5,1790758655584682,10728d70e0641a69:0x6cd2,0,0,0,5,1
v1,6,1790758655606347,10728d70e0641a69:0x115a2d,0,1,0,6,1
v1,7,1790758655665194,10728d70e0641a69:0xa81f9,0,0,0,7,1
v1,8,1790758655668944,10728d70e0641a69:0xa8240,0,0,0,8,1
v1,9,1790758655672826,10728d70e0641a69:0xa828b,0,0,0,9,1
v1,10,1790758655676513,10728d70e0641a69:0xa82d2,0,0,0,10,1
v1,11,1790758655680946,10728d70e0641a69:0xa831e,0,0,0,11,1
v1,12,1790758655684669,10728d70e0641a69:0xa8362,0,0,0,12,1
v1,13,1790758655688798,10728d70e0641a69:0xa83af,0,0,0,13,1
v1,14,1790758655692555,10728d70e0641a69:0xa83f8,0,0,0,14,1
v1,15,1790758655697385,10728d70e0641a69:0xa856e,0,0,0,15,4
v1,16,1790758655703821,10728d70e0641a69:0xa85ea,0,1,0,16,4
v1,17,1790758655713536,10728d70e0641a69:0x3e5dd,0,0,0,17,4
v1,18,1790758655720748,10728d70e0641a69:0x3e6a2,0,0,0,18,4
v1,19,1790758655724304,10728d70e0641a69:0x3e6e6,0,0,0,19,4
v1,20,1790758655747342,10728d70e0641a69:0x3e730,0,1,0,20,1
v1,21,1790758655748310,10728d70e0641a69:0x3e9ce,0,0,0,21,4
v1,22,1790758655751813,10728d70e0641a69:0x3ea12,0,0,0,22,4
v1,23,1790758655755279,10728d70e0641a69:0x3ea56,0,0,0,23,4
v1,24,1790758655758743,10728d70e0641a69:0x3ea9a,0,0,0,24,4
v1,25,1790758655762231,10728d70e0641a69:0x3eade,0,0,0,25,4
v1,26,1790758655765706,10728d70e0641a69:0x3eb22,0,0,0,26,4
v1,27,1790758655769179,10728d70e0641a69:0x3eb66,0,0,0,27,4
v1,28,1790758655772677,10728d70e0641a69:0x3ebaa,0,0,0,28,4
v1,29,1790758655776187,10728d70e0641a69:0x3ebee,0,0,0,29,4
v1,30,1790758655779701,10728d70e0641a69:0x3ec32,0,0,0,30,4
v1,31,1790758655782979,10728d70e0641a69:0x3ec76,0,0,0,31,4
v1,32,1790758655786440,10728d70e0641a69:0x3ecba,0,0,0,32,4
v1,33,1790758655789923,10728d70e0641a69:0x3ecfe,0,0,0,33,4
v1,34,1790758655793423,10728d70e0641a69:0x3ed42,0,0,0,34,4
v1,35,1790758655797296,10728d70e0641a69:0x3ed86,1,1,0,35,4
v1,36,1790758655949028,10728d70e0641a69:0x290c3,1,0,1,36,1
v1,37,1790758655956745,10728d70e0641a69:0x2910c,1,0,1,37,1
v1,38,1790758655967832,10728d70e0641a69:0x2919f,1,0,1,38,1
v1,39,1790758655975564,10728d70e0641a69:0x291e6,1,0,1,39,1
v1,40,1790758655986877,10728d70e0641a69:0x29277,1,0,1,40,1
v1,41,1790758655994306,10728d70e0641a69:0x292be,1,0,1,41,1
v1,42,1790758656005411,10728d70e0641a69:0x2934c,1,0,1,42,1
v1,43,1790758656013201,10728d70e0641a69:0x29394,1,0,1,43,1
v1,1,1790758661919260,10728d70e0641a69:0x7b7dc,0,0,0,1,1
v1,2,1790758662074430,10728d70e0641a69:0x8eccc,0,1,0,2,8
v1,3,1790758662097997,10728d70e0641a69:0xa817c,0,0,0,3,4
v1,4,1790758662133377,10728d70e0641a69:0x1159e5,0,1,0,4,1
v1,5,1790758662143264,10728d70e0641a69:0x6cd2,0,0,0,5,1
v1,6,1790758662165076,10728d70e0641a69:0x115a2d,0,1,0,6,1
v1,7,1790758662223438,10728d70e0641a69:0xa81f9,0,0,0,7,1
v1,8,1790758662227183,10728d70e0641a69:0xa8240,0,0,0,8,1
v1,9,1790758662231087,10728d70e0641a69:0xa828b,0,0,0,9,1
v1,10,1790758662234640,10728d70e0641a69:0xa82d2,0,0,0,10,1
v1,11,1790758662238988,10728d70e0641a69:0xa831e,0,0,0,11,1
v1,12,1790758662242657,10728d70e0641a69:0xa8362,0,0,0,12,1
v1,13,1790758662246729,10728d70e0641a69:0xa83af,0,0,0,13,1
v1,14,1790758662250383,10728d70e0641a69:0xa83f8,0,0,0,14,1
v1,15,1790758662255158,10728d70e0641a69:0xa856e,0,0,0,15,4
v1,16,1790758662261607,10728d70e0641a69:0xa85ea,0,1,0,16,4
v1,17,1790758662271182,10728d70e0641a69:0x3e5dd,0,0,0,17,4
v1,18,1790758662278135,10728d70e0641a69:0x3e6a2,0,0,0,18,4
v1,19,1790758662281527,10728d70e0641a69:0x3e6e6,0,0,0,19,4
v1,20,1790758662304417,10728d70e0641a69:0x3e730,0,1,0,20,1
v1,21,1790758662305397,10728d70e0641a69:0x3e9ce,0,0,0,21,4
v1,22,1790758662308873,10728d70e0641a69:0x3ea12,0,0,0,22,4
v1,23,1790758662312324,10728d70e0641a69:0x3ea56,0,0,0,23,4
v1,24,1790758662316182,10728d70e0641a69:0x3ea9a,1,1,0,24,4
v1,25,1790758662421563,10728d70e0641a69:0x290c3,1,0,1,25,1
v1,26,1790758662428558,10728d70e0641a69:0x2910c,1,0,1,26,1
v1,27,1790758662439360,10728d70e0641a69:0x2919f,1,0,1,27,1
v1,28,1790758662446478,10728d70e0641a69:0x291e6,1,0,1,28,1
v1,29,1790758662459150,10728d70e0641a69:0x29277,1,0,1,29,1
v1,30,1790758662466352,10728d70e0641a69:0x292be,1,0,1,30,1
v1,31,1790758662476976,10728d70e0641a69:0x2934c,1,0,1,31,1
v1,32,1790758662484342,10728d70e0641a69:0x29394,1,0,1,32,1
v1,1,1790758668104497,10728d70e0641a69:0x7b7dc,0,0,0,1,1
v1,2,1790758668252036,10728d70e0641a69:0x8eccc,0,1,0,2,8
v1,3,1790758668275854,10728d70e0641a69:0xa817c,0,0,0,3,4
v1,4,1790758668311314,10728d70e0641a69:0x1159e5,0,1,0,4,1
v1,5,1790758668321053,10728d70e0641a69:0x6cd2,0,0,0,5,1
v1,6,1790758668342575,10728d70e0641a69:0x115a2d,0,1,0,6,1
v1,7,1790758668400556,10728d70e0641a69:0xa81f9,0,0,0,7,1
v1,8,1790758668404273,10728d70e0641a69:0xa8240,0,0,0,8,1
v1,9,1790758668408134,10728d70e0641a69:0xa828b,0,0,0,9,1
v1,10,1790758668411790,10728d70e0641a69:0xa82d2,0,0,0,10,1
v1,11,1790758668416142,10728d70e0641a69:0xa831e,0,0,0,11,1
v1,12,1790758668419787,10728d70e0641a69:0xa8362,0,0,0,12,1
v1,13,1790758668423880,10728d70e0641a69:0xa83af,0,0,0,13,1
v1,14,1790758668427537,10728d70e0641a69:0xa83f8,0,0,0,14,1
v1,15,1790758668432329,10728d70e0641a69:0xa856e,0,0,0,15,4
v1,16,1790758668438790,10728d70e0641a69:0xa85ea,0,1,0,16,4
v1,17,1790758668448309,10728d70e0641a69:0x3e5dd,0,0,0,17,4
v1,18,1790758668455277,10728d70e0641a69:0x3e6a2,0,0,0,18,4
v1,19,1790758668458649,10728d70e0641a69:0x3e6e6,0,0,0,19,4
v1,20,1790758668481714,10728d70e0641a69:0x3e730,0,1,0,20,1
v1,21,1790758668482676,10728d70e0641a69:0x3e9ce,0,0,0,21,4
v1,22,1790758668486109,10728d70e0641a69:0x3ea12,0,0,0,22,4
v1,23,1790758668489569,10728d70e0641a69:0x3ea56,0,0,0,23,4
v1,24,1790758668492977,10728d70e0641a69:0x3ea9a,0,0,0,24,4
v1,25,1790758668496451,10728d70e0641a69:0x3eade,0,0,0,25,4
v1,26,1790758668500907,10728d70e0641a69:0x3eb22,0,0,0,26,4
v1,27,1790758668504400,10728d70e0641a69:0x3eb66,0,0,0,27,4
v1,28,1790758668507826,10728d70e0641a69:0x3ebaa,0,0,0,28,4
v1,29,1790758668511257,10728d70e0641a69:0x3ebee,0,0,0,29,4
v1,30,1790758668514691,10728d70e0641a69:0x3ec32,0,0,0,30,4
v1,31,1790758668518116,10728d70e0641a69:0x3ec76,0,0,0,31,4
v1,32,1790758668521542,10728d70e0641a69:0x3ecba,0,0,0,32,4
v1,33,1790758668524961,10728d70e0641a69:0x3ecfe,0,0,0,33,4
v1,34,1790758668528812,10728d70e0641a69:0x3ed42,1,1,0,34,4
v1,35,1790758668627999,10728d70e0641a69:0x290c3,1,0,1,35,1
v1,36,1790758668635365,10728d70e0641a69:0x2910c,1,0,1,36,1
v1,37,1790758668647082,10728d70e0641a69:0x2919f,1,0,1,37,1
v1,38,1790758668654775,10728d70e0641a69:0x291e6,1,0,1,38,1
v1,39,1790758668666913,10728d70e0641a69:0x29277,1,0,1,39,1
v1,40,1790758668674873,10728d70e0641a69:0x292be,1,0,1,40,1
v1,41,1790758668685819,10728d70e0641a69:0x2934c,1,0,1,41,1
v1,42,1790758668693511,10728d70e0641a69:0x29394,1,0,1,42,1
v1,1,1790758674435730,10728d70e0641a69:0x7b7dc,0,0,0,1,1
v1,2,1790758674588843,10728d70e0641a69:0x8eccc,0,1,0,2,8
v1,3,1790758674612827,10728d70e0641a69:0xa817c,0,0,0,3,4
v1,4,1790758674648322,10728d70e0641a69:0x1159e5,0,1,0,4,1
v1,5,1790758674657974,10728d70e0641a69:0x6cd2,0,0,0,5,1
v1,6,1790758674679330,10728d70e0641a69:0x115a2d,0,1,0,6,1
v1,7,1790758674737307,10728d70e0641a69:0xa81f9,0,0,0,7,1
v1,8,1790758674741020,10728d70e0641a69:0xa8240,0,0,0,8,1
v1,9,1790758674744918,10728d70e0641a69:0xa828b,0,0,0,9,1
v1,10,1790758674748578,10728d70e0641a69:0xa82d2,0,0,0,10,1
v1,11,1790758674752902,10728d70e0641a69:0xa831e,0,0,0,11,1
v1,12,1790758674756592,10728d70e0641a69:0xa8362,0,0,0,12,1
v1,13,1790758674760710,10728d70e0641a69:0xa83af,0,0,0,13,1
v1,14,1790758674764388,10728d70e0641a69:0xa83f8,0,0,0,14,1
v1,15,1790758674769158,10728d70e0641a69:0xa856e,0,0,0,15,4
v1,16,1790758674775568,10728d70e0641a69:0xa85ea,0,1,0,16,4
v1,17,1790758674785183,10728d70e0641a69:0x3e5dd,0,0,0,17,4
v1,18,1790758674792158,10728d70e0641a69:0x3e6a2,0,0,0,18,4
v1,19,1790758674795576,10728d70e0641a69:0x3e6e6,0,0,0,19,4
v1,20,1790758674818534,10728d70e0641a69:0x3e730,0,1,0,20,1
v1,21,1790758674819496,10728d70e0641a69:0x3e9ce,0,0,0,21,4
v1,22,1790758674822978,10728d70e0641a69:0x3ea12,0,0,0,22,4
v1,23,1790758674826418,10728d70e0641a69:0x3ea56,0,0,0,23,4
v1,24,1790758674829821,10728d70e0641a69:0x3ea9a,0,0,0,24,4
v1,25,1790758674833256,10728d70e0641a69:0x3eade,0,0,0,25,4
v1,26,1790758674836654,10728d70e0641a69:0x3eb22,0,0,0,26,4
v1,27,1790758674840046,10728d70e0641a69:0x3eb66,0,0,0,27,4
v1,28,1790758674843464,10728d70e0641a69:0x3ebaa,0,0,0,28,4
v1,29,1790758674846864,10728d70e0641a69:0x3ebee,0,0,0,29,4
v1,30,1790758674850833,10728d70e0641a69:0x3ec32,1,1,0,30,4
v1,31,1790758674954734,10728d70e0641a69:0x290c3,1,0,1,31,1
v1,32,1790758674962393,10728d70e0641a69:0x2910c,1,0,1,32,1
v1,33,1790758674974561,10728d70e0641a69:0x2919f,1,0,1,33,1
v1,34,1790758674982773,10728d70e0641a69:0x291e6,1,0,1,34,1
v1,35,1790758674994144,10728d70e0641a69:0x29277,1,0,1,35,1
v1,36,1790758675001397,10728d70e0641a69:0x292be,1,0,1,36,1
v1,37,1790758675012576,10728d70e0641a69:0x2934c,1,0,1,37,1
v1,38,1790758675019907,10728d70e0641a69:0x29394,1,0,1,38,1
v1,1,1790758679987099,10728d70e0641a69:0x7b7dc,0,0,0,1,1
v1,2,1790758680100869,10728d70e0641a69:0x8eccc,0,1,0,2,8
v1,3,1790758680124930,10728d70e0641a69:0xa817c,0,0,0,3,4
v1,4,1790758680160428,10728d70e0641a69:0x1159e5,0,1,0,4,1
v1,5,1790758680170106,10728d70e0641a69:0x6cd2,0,0,0,5,1
v1,6,1790758680191521,10728d70e0641a69:0x115a2d,0,1,0,6,1
v1,7,1790758680249626,10728d70e0641a69:0xa81f9,0,0,0,7,1
v1,8,1790758680253334,10728d70e0641a69:0xa8240,0,0,0,8,1
v1,9,1790758680257015,10728d70e0641a69:0xa828b,0,0,0,9,1
v1,10,1790758680260667,10728d70e0641a69:0xa82d2,0,0,0,10,1
v1,11,1790758680265014,10728d70e0641a69:0xa831e,0,0,0,11,1
v1,12,1790758680268708,10728d70e0641a69:0xa8362,0,0,0,12,1
v1,13,1790758680272863,10728d70e0641a69:0xa83af,0,0,0,13,1
v1,14,1790758680276573,10728d70e0641a69:0xa83f8,0,0,0,14,1
v1,15,1790758680281418,10728d70e0641a69:0xa856e,0,0,0,15,4
v1,16,1790758680287889,10728d70e0641a69:0xa85ea,0,1,0,16,4
v1,17,1790758680297553,10728d70e0641a69:0x3e5dd,0,0,0,17,4
v1,18,1790758680304721,10728d70e0641a69:0x3e6a2,0,0,0,18,4
v1,19,1790758680307952,10728d70e0641a69:0x3e6e6,0,0,0,19,4
v1,20,1790758680331241,10728d70e0641a69:0x3e730,0,1,0,20,1
v1,21,1790758680332588,10728d70e0641a69:0x3e9ce,0,0,0,21,4
v1,22,1790758680336896,10728d70e0641a69:0x3ea12,0,0,0,22,4
v1,23,1790758680340917,10728d70e0641a69:0x3ea56,1,1,0,23,4
v1,24,1790758680405378,10728d70e0641a69:0x290c3,1,0,1,24,1
v1,25,1790758680412789,10728d70e0641a69:0x2910c,1,0,1,25,1
v1,26,1790758680424118,10728d70e0641a69:0x2919f,1,0,1,26,1
v1,27,1790758680431184,10728d70e0641a69:0x291e6,1,0,1,27,1
v1,28,1790758680441974,10728d70e0641a69:0x29277,1,0,1,28,1
v1,29,1790758680449164,10728d70e0641a69:0x292be,1,0,1,29,1
v1,30,1790758680459827,10728d70e0641a69:0x2934c,1,0,1,30,1
v1,31,1790758680466883,10728d70e0641a69:0x29394,1,0,1,31,1
v1,1,1790758685889697,10728d70e0641a69:0x7b7dc,0,0,0,1,1
v1,2,1790758686030199,10728d70e0641a69:0x8eccc,0,1,0,2,8
v1,3,1790758686054368,10728d70e0641a69:0xa817c,0,0,0,3,4
v1,4,1790758686094581,10728d70e0641a69:0x1159e5,0,1,0,4,1
v1,5,1790758686104669,10728d70e0641a69:0x6cd2,0,0,0,5,1
v1,6,1790758686126300,10728d70e0641a69:0x115a2d,0,1,0,6,1
v1,7,1790758686186070,10728d70e0641a69:0xa81f9,0,0,0,7,1
v1,8,1790758686189994,10728d70e0641a69:0xa8240,0,0,0,8,1
v1,9,1790758686194127,10728d70e0641a69:0xa828b,0,0,0,9,1
v1,10,1790758686197955,10728d70e0641a69:0xa82d2,0,0,0,10,1
v1,11,1790758686202495,10728d70e0641a69:0xa831e,0,0,0,11,1
v1,12,1790758686206383,10728d70e0641a69:0xa8362,0,0,0,12,1
v1,13,1790758686210718,10728d70e0641a69:0xa83af,0,0,0,13,1
v1,14,1790758686214603,10728d70e0641a69:0xa83f8,0,0,0,14,1
v1,15,1790758686219700,10728d70e0641a69:0xa856e,0,0,0,15,4
v1,16,1790758686226514,10728d70e0641a69:0xa85ea,0,1,0,16,4
v1,17,1790758686236695,10728d70e0641a69:0x3e5dd,0,0,0,17,4
v1,18,1790758686244057,10728d70e0641a69:0x3e6a2,0,0,0,18,4
v1,19,1790758686247559,10728d70e0641a69:0x3e6e6,0,0,0,19,4
v1,20,1790758686271450,10728d70e0641a69:0x3e730,0,1,0,20,1
v1,21,1790758686272538,10728d70e0641a69:0x3e9ce,0,0,0,21,4
v1,22,1790758686275891,10728d70e0641a69:0x3ea12,0,0,0,22,4
v1,23,1790758686279424,10728d70e0641a69:0x3ea56,0,0,0,23,4
v1,24,1790758686282839,10728d70e0641a69:0x3ea9a,0,0,0,24,4
v1,25,1790758686286257,10728d70e0641a69:0x3eade,0,0,0,25,4
v1,26,1790758686289696,10728d70e0641a69:0x3eb22,0,0,0,26,4
v1,27,1790758686293107,10728d70e0641a69:0x3eb66,0,0,0,27,4
v1,28,1790758686296472,10728d70e0641a69:0x3ebaa,0,0,0,28,4
v1,29,1790758686300332,10728d70e0641a69:0x3ebee,1,1,0,29,4
v1,30,1790758686386050,10728d70e0641a69:0x290c3,1,0,1,30,1
v1,31,1790758686393057,10728d70e0641a69:0x2910c,1,0,1,31,1
v1,32,1790758686404738,10728d70e0641a69:0x2919f,1,0,1,32,1
v1,33,1790758686412028,10728d70e0641a69:0x291e6,1,0,1,33,1
v1,34,1790758686423634,10728d70e0641a69:0x29277,1,0,1,34,1
v1,35,1790758686430700,10728d70e0641a69:0x292be,1,0,1,35,1
v1,36,1790758686441376,10728d70e0641a69:0x2934c,1,0,1,36,1
v1,37,1790758686449294,10728d70e0641a69:0x29394,1,0,1,37,1
