schema_version,timestamp_us,result,elapsed_us,branch_id,cum_solving_time_us
v1,1790724846912751,SAT,8121,c2c6c48d872b6032:0xafb3,8121
v1,1790724846971023,SAT,526,c2c6c48d872b6032:0xb355,8647
v1,1790724847136885,UNSAT,187,c2c6c48d872b6032:0x3344b,8834
v1,1790724847137603,SAT,483,c2c6c48d872b6032:0x3344b,9317
v1,1790724864547060,SAT,724,c2c6c48d872b6032:0x307ff,724
v1,1790724864552620,UNSAT,205,c2c6c48d872b6032:0x3b0b3,929
v1,1790724864553328,SAT,458,c2c6c48d872b6032:0x3b0b3,1387
v1,1790724864562482,UNSAT,183,c2c6c48d872b6032:0x3f2b3,1570
v1,1790724864563177,SAT,440,c2c6c48d872b6032:0x3f2b3,2010
v1,1790724870698000,UNSAT,246,c2c6c48d872b6032:0x3b0b3,246
v1,1790724870699251,SAT,770,c2c6c48d872b6032:0x3b0b3,1016
v1,1790724875520216,SAT,242,c2c6c48d872b6032:0x307ff,242
v1,1790724880357886,SAT,263,c2c6c48d872b6032:0xb355,263
v1,1790724902079340,UNSAT,228,c2c6c48d872b6032:0x3bfcd,228
v1,1790724902080526,SAT,704,c2c6c48d872b6032:0x3bfcd,932
v1,1790724912224224,UNSAT,227,c2c6c48d872b6032:0x375bb,227
v1,1790724912225423,SAT,720,c2c6c48d872b6032:0x375bb,947
v1,1790724912232010,UNSAT,206,c2c6c48d872b6032:0x37686,1153
v1,1790724912232746,SAT,487,c2c6c48d872b6032:0x37686,1640
v1,1790724912258065,UNSAT,191,c2c6c48d872b6032:0x30b0f,1831
v1,1790724912258753,SAT,441,c2c6c48d872b6032:0x30b0f,2272
v1,1790724912265613,UNSAT,231,c2c6c48d872b6032:0x319f3,2503
v1,1790724912266402,SAT,476,c2c6c48d872b6032:0x319f3,2979
v1,1790724918402707,UNSAT,232,c2c6c48d872b6032:0x3f2b3,232
v1,1790724918403901,SAT,754,c2c6c48d872b6032:0x3f2b3,986
v1,1790724918413919,SAT,222,c2c6c48d872b6032:0x3f2b3,1208
v1,1790724918415289,SAT,57,c2c6c48d872b6032:0x3f2b3,1265
v1,1790724918418556,UNSAT,3067,c2c6c48d872b6032:0x3f2b3,4332
v1,1790724918418694,SAT,74,c2c6c48d872b6032:0x3f2b3,4406
v1,1790724918421276,UNSAT,2375,c2c6c48d872b6032:0x3f2b3,6781
v1,1790724918422941,SAT,1619,c2c6c48d872b6032:0x3f2b3,8400
v1,1790724918424648,SAT,1583,c2c6c48d872b6032:0x3f2b3,9983
v1,1790724918425537,SAT,193,c2c6c48d872b6032:0x3f2b3,10176
v1,1790724918427190,SAT,36,c2c6c48d872b6032:0x3f2b3,10212
v1,1790724918429085,UNSAT,1781,c2c6c48d872b6032:0x3f2b3,11993
v1,1790724918429138,SAT,26,c2c6c48d872b6032:0x3f2b3,12019
v1,1790724918431589,UNSAT,2349,c2c6c48d872b6032:0x3f2b3,14368
v1,1790724918433960,SAT,2273,c2c6c48d872b6032:0x3f2b3,16641
v1,1790724918435768,SAT,1634,c2c6c48d872b6032:0x3f2b3,18275
v1,1790724918496518,UNSAT,221,c2c6c48d872b6032:0x3bfcd,18496
v1,1790724918497240,SAT,458,c2c6c48d872b6032:0x3bfcd,18954
v1,1790724918508375,SAT,241,c2c6c48d872b6032:0x3bfcd,19195
v1,1790724918511600,SAT,59,c2c6c48d872b6032:0x3bfcd,19254
v1,1790724918511987,UNSAT,153,c2c6c48d872b6032:0x3bfcd,19407
v1,1790724918512044,SAT,38,c2c6c48d872b6032:0x3bfcd,19445
v1,1790724918512299,UNSAT,125,c2c6c48d872b6032:0x3bfcd,19570
v1,1790724918512420,SAT,66,c2c6c48d872b6032:0x3bfcd,19636
v1,1790724918512616,SAT,79,c2c6c48d872b6032:0x3bfcd,19715
v1,1790724918529103,SAT,3628,c2c6c48d872b6032:0x3bfcd,23343
v1,1790724918533957,SAT,52,c2c6c48d872b6032:0x3bfcd,23395
v1,1790724918535949,UNSAT,1796,c2c6c48d872b6032:0x3bfcd,25191
v1,1790724918536017,SAT,41,c2c6c48d872b6032:0x3bfcd,25232
v1,1790724918538478,UNSAT,2335,c2c6c48d872b6032:0x3bfcd,27567
v1,1790724918540171,SAT,1596,c2c6c48d872b6032:0x3bfcd,29163
v1,1790724918542014,SAT,1676,c2c6c48d872b6032:0x3bfcd,30839
v1,1790724918549773,SAT,1847,c2c6c48d872b6032:0x3bfcd,32686
v1,1790724918556060,SAT,50,c2c6c48d872b6032:0x3bfcd,32736
v1,1790724918556371,UNSAT,123,c2c6c48d872b6032:0x3bfcd,32859
v1,1790724918556405,SAT,21,c2c6c48d872b6032:0x3bfcd,32880
v1,1790724918556622,UNSAT,110,c2c6c48d872b6032:0x3bfcd,32990
v1,1790724918556745,SAT,72,c2c6c48d872b6032:0x3bfcd,33062
v1,1790724918557034,SAT,90,c2c6c48d872b6032:0x3bfcd,33152
v1,1790724918563409,SAT,3342,c2c6c48d872b6032:0x3bfcd,36494
v1,1790724918571238,SAT,68,c2c6c48d872b6032:0x3bfcd,36562
v1,1790724918571610,UNSAT,160,c2c6c48d872b6032:0x3bfcd,36722
v1,1790724918571662,SAT,31,c2c6c48d872b6032:0x3bfcd,36753
v1,1790724918571922,UNSAT,128,c2c6c48d872b6032:0x3bfcd,36881
v1,1790724918572059,SAT,76,c2c6c48d872b6032:0x3bfcd,36957
v1,1790724918572332,SAT,86,c2c6c48d872b6032:0x3bfcd,37043
v1,1790724918616123,UNSAT,245,c2c6c48d872b6032:0x375bb,37288
v1,1790724918616842,SAT,453,c2c6c48d872b6032:0x375bb,37741
v1,1790724918623446,SAT,422,c2c6c48d872b6032:0x375bb,38163
v1,1790724918623532,SAT,35,c2c6c48d872b6032:0x375bb,38198
v1,1790724918623813,UNSAT,120,c2c6c48d872b6032:0x375bb,38318
v1,1790724918623855,SAT,27,c2c6c48d872b6032:0x375bb,38345
v1,1790724918624166,UNSAT,222,c2c6c48d872b6032:0x375bb,38567
v1,1790724918624263,SAT,64,c2c6c48d872b6032:0x375bb,38631
v1,1790724918624437,SAT,95,c2c6c48d872b6032:0x375bb,38726
v1,1790724918624958,SAT,341,c2c6c48d872b6032:0x375bb,39067
v1,1790724918625007,SAT,24,c2c6c48d872b6032:0x375bb,39091
v1,1790724918625221,UNSAT,123,c2c6c48d872b6032:0x375bb,39214
v1,1790724918625304,SAT,40,c2c6c48d872b6032:0x375bb,39254
v1,1790724918625524,UNSAT,96,c2c6c48d872b6032:0x375bb,39350
v1,1790724918625623,SAT,65,c2c6c48d872b6032:0x375bb,39415
v1,1790724918625782,SAT,63,c2c6c48d872b6032:0x375bb,39478
v1,1790724918633484,UNSAT,242,c2c6c48d872b6032:0x37686,39720
v1,1790724918634217,SAT,464,c2c6c48d872b6032:0x37686,40184
v1,1790724925817993,UNSAT,254,c2c6c48d872b6032:0x319f3,254
v1,1790724925819358,SAT,731,c2c6c48d872b6032:0x319f3,985
v1,1790724925832091,UNSAT,198,c2c6c48d872b6032:0x31f3b,1183
v1,1790724925832893,SAT,557,c2c6c48d872b6032:0x31f3b,1740
v1,1790724931273166,UNSAT,247,c2c6c48d872b6032:0x30b0f,247
v1,1790724931274304,SAT,685,c2c6c48d872b6032:0x30b0f,932
v1,1790724937181077,SAT,345,c2c6c48d872b6032:0x30cbd,345
v1,1790724937187760,UNSAT,199,c2c6c48d872b6032:0x318e5,544
v1,1790724937188587,SAT,581,c2c6c48d872b6032:0x318e5,1125
v1,1790724937196624,UNSAT,194,c2c6c48d872b6032:0x31965,1319
v1,1790724937197175,SAT,189,c2c6c48d872b6032:0x31965,1508
v1,1790724949940172,SAT,709,c2c6c48d872b6032:0x2e610,709
v1,1790724949975576,SAT,554,c2c6c48d872b6032:0x2fdd5,1263
v1,1790724955145460,SAT,673,c2c6c48d872b6032:0x2e610,673
v1,1790724955151388,SAT,528,c2c6c48d872b6032:0x2e653,1201
v1,1790724955156593,SAT,501,c2c6c48d872b6032:0x2e697,1702
v1,1790724955191346,SAT,374,c2c6c48d872b6032:0x2fdd5,2076
v1,1790724961597218,UNSAT,304,c2c6c48d872b6032:0x37686,304
v1,1790724961598397,SAT,671,c2c6c48d872b6032:0x37686,975
v1,1790724961626558,UNSAT,258,c2c6c48d872b6032:0x30b0f,1233
v1,1790724961627263,SAT,458,c2c6c48d872b6032:0x30b0f,1691
v1,1790724961640553,SAT,190,c2c6c48d872b6032:0x30cbd,1881
v1,1790724961660561,SAT,206,c2c6c48d872b6032:0x3124e,2087
v1,1790724961670203,UNSAT,290,c2c6c48d872b6032:0x318e5,2377
v1,1790724961670971,SAT,488,c2c6c48d872b6032:0x318e5,2865
v1,1790724961678395,SAT,1302,c2c6c48d872b6032:0x318e5,4167
v1,1790724961678611,SAT,43,c2c6c48d872b6032:0x318e5,4210
v1,1790724961681244,SAT,2492,c2c6c48d872b6032:0x318e5,6702
v1,1790724961683081,SAT,1713,c2c6c48d872b6032:0x318e5,8415
v1,1790724961684886,SAT,1707,c2c6c48d872b6032:0x318e5,10122
v1,1790724961686629,SAT,1651,c2c6c48d872b6032:0x318e5,11773
v1,1790724961688654,SAT,1748,c2c6c48d872b6032:0x318e5,13521
v1,1790724961690514,UNSAT,1725,c2c6c48d872b6032:0x318e5,15246
v1,1790724961690603,SAT,40,c2c6c48d872b6032:0x318e5,15286
v1,1790724961693094,SAT,2392,c2c6c48d872b6032:0x318e5,17678
v1,1790724961695673,SAT,2381,c2c6c48d872b6032:0x318e5,20059
v1,1790724961698131,SAT,2320,c2c6c48d872b6032:0x318e5,22379
v1,1790724961700545,SAT,2303,c2c6c48d872b6032:0x318e5,24682
v1,1790724961702964,SAT,2304,c2c6c48d872b6032:0x318e5,26986
v1,1790724961705441,SAT,2365,c2c6c48d872b6032:0x318e5,29351
v1,1790724961708019,SAT,2443,c2c6c48d872b6032:0x318e5,31794
v1,1790724961710498,UNSAT,2345,c2c6c48d872b6032:0x318e5,34139
v1,1790724961712204,SAT,1603,c2c6c48d872b6032:0x318e5,35742
v1,1790724961713974,SAT,1631,c2c6c48d872b6032:0x318e5,37373
v1,1790724961714952,SAT,318,c2c6c48d872b6032:0x318e5,37691
v1,1790724961715116,SAT,36,c2c6c48d872b6032:0x318e5,37727
v1,1790724961716929,SAT,1704,c2c6c48d872b6032:0x318e5,39431
v1,1790724961718776,SAT,1744,c2c6c48d872b6032:0x318e5,41175
v1,1790724961720613,UNSAT,1699,c2c6c48d872b6032:0x318e5,42874
v1,1790724961720677,SAT,31,c2c6c48d872b6032:0x318e5,42905
v1,1790724961723782,SAT,3005,c2c6c48d872b6032:0x318e5,45910
v1,1790724961726507,SAT,2548,c2c6c48d872b6032:0x318e5,48458
v1,1790724961729248,SAT,2558,c2c6c48d872b6032:0x318e5,51016
v1,1790724961731651,SAT,2286,c2c6c48d872b6032:0x318e5,53302
v1,1790724961734096,UNSAT,2341,c2c6c48d872b6032:0x318e5,55643
v1,1790724961735764,SAT,1603,c2c6c48d872b6032:0x318e5,57246
v1,1790724961737486,SAT,1600,c2c6c48d872b6032:0x318e5,58846
v1,1790724961743790,UNSAT,194,c2c6c48d872b6032:0x31965,59040
v1,1790724961744166,SAT,141,c2c6c48d872b6032:0x31965,59181
v1,1790724968319465,SAT,854,c2c6c48d872b6032:0x2fdd5,854
v1,1790724974314682,SAT,476,c2c6c48d872b6032:0x2e653,476
v1,1790724974344041,SAT,728,c2c6c48d872b6032:0x2fdd5,1204
v1,1790724986771527,UNSAT,324,c2c6c48d872b6032:0x3c1db,324
v1,1790724986772677,SAT,688,c2c6c48d872b6032:0x3c1db,1012
v1,1790724986784671,SAT,1886,c2c6c48d872b6032:0x3c1db,2898
v1,1790724986786487,SAT,56,c2c6c48d872b6032:0x3c1db,2954
v1,1790724986786867,UNSAT,135,c2c6c48d872b6032:0x3c1db,3089
v1,1790724986786962,SAT,35,c2c6c48d872b6032:0x3c1db,3124
v1,1790724986787250,UNSAT,126,c2c6c48d872b6032:0x3c1db,3250
v1,1790724986787410,SAT,84,c2c6c48d872b6032:0x3c1db,3334
v1,1790724986787623,SAT,80,c2c6c48d872b6032:0x3c1db,3414
v1,1790724986791617,SAT,3494,c2c6c48d872b6032:0x3c1db,6908
v1,1790724986794831,SAT,46,c2c6c48d872b6032:0x3c1db,6954
v1,1790724986795127,UNSAT,106,c2c6c48d872b6032:0x3c1db,7060
v1,1790724986795168,SAT,24,c2c6c48d872b6032:0x3c1db,7084
v1,1790724986795347,UNSAT,86,c2c6c48d872b6032:0x3c1db,7170
v1,1790724986795435,SAT,54,c2c6c48d872b6032:0x3c1db,7224
v1,1790724986795591,SAT,67,c2c6c48d872b6032:0x3c1db,7291
v1,1790724986806563,UNSAT,263,c2c6c48d872b6032:0x36cfe,7554
v1,1790724986807325,SAT,494,c2c6c48d872b6032:0x36cfe,8048
v1,1790724986817951,UNSAT,4930,c2c6c48d872b6032:0x36d48,12978
v1,1790724986818771,SAT,512,c2c6c48d872b6032:0x36d48,13490
v1,1790724986820423,UNSAT,193,c2c6c48d872b6032:0x36d4e,13683
v1,1790724986821140,SAT,472,c2c6c48d872b6032:0x36d4e,14155
v1,1790724986826528,UNSAT,196,c2c6c48d872b6032:0x36fdb,14351
v1,1790724986827250,SAT,464,c2c6c48d872b6032:0x36fdb,14815
v1,1790724986839816,UNSAT,277,c2c6c48d872b6032:0x30b0f,15092
v1,1790724986840617,SAT,527,c2c6c48d872b6032:0x30b0f,15619
v1,1790724986854760,SAT,206,c2c6c48d872b6032:0x30cbd,15825
v1,1790724986862105,UNSAT,263,c2c6c48d872b6032:0x318e5,16088
v1,1790724986862812,SAT,446,c2c6c48d872b6032:0x318e5,16534
v1,1790724986869364,SAT,365,c2c6c48d872b6032:0x318e5,16899
v1,1790724986869534,SAT,32,c2c6c48d872b6032:0x318e5,16931
v1,1790724986871435,SAT,1749,c2c6c48d872b6032:0x318e5,18680
v1,1790724986873227,SAT,1677,c2c6c48d872b6032:0x318e5,20357
v1,1790724986875045,SAT,1719,c2c6c48d872b6032:0x318e5,22076
v1,1790724986876839,SAT,1691,c2c6c48d872b6032:0x318e5,23767
v1,1790724986878633,SAT,1692,c2c6c48d872b6032:0x318e5,25459
v1,1790724986880437,UNSAT,1690,c2c6c48d872b6032:0x318e5,27149
v1,1790724986880509,SAT,27,c2c6c48d872b6032:0x318e5,27176
v1,1790724986882950,SAT,2338,c2c6c48d872b6032:0x318e5,29514
v1,1790724986885328,SAT,2267,c2c6c48d872b6032:0x318e5,31781
v1,1790724986887714,SAT,2280,c2c6c48d872b6032:0x318e5,34061
v1,1790724986890105,SAT,2288,c2c6c48d872b6032:0x318e5,36349
v1,1790724986892514,SAT,2308,c2c6c48d872b6032:0x318e5,38657
v1,1790724986894955,SAT,2339,c2c6c48d872b6032:0x318e5,40996
v1,1790724986897371,SAT,2305,c2c6c48d872b6032:0x318e5,43301
v1,1790724986899803,SAT,2323,c2c6c48d872b6032:0x318e5,45624
v1,1790724986902218,SAT,2298,c2c6c48d872b6032:0x318e5,47922
v1,1790724986904606,SAT,2286,c2c6c48d872b6032:0x318e5,50208
v1,1790724986907004,SAT,2286,c2c6c48d872b6032:0x318e5,52494
v1,1790724986909434,SAT,2313,c2c6c48d872b6032:0x318e5,54807
v1,1790724986911842,SAT,2297,c2c6c48d872b6032:0x318e5,57104
v1,1790724986914232,SAT,2286,c2c6c48d872b6032:0x318e5,59390
v1,1790724986916642,SAT,2305,c2c6c48d872b6032:0x318e5,61695
v1,1790724986919087,UNSAT,2335,c2c6c48d872b6032:0x318e5,64030
v1,1790724986920801,SAT,1578,c2c6c48d872b6032:0x318e5,65608
v1,1790724986922528,SAT,1585,c2c6c48d872b6032:0x318e5,67193
v1,1790724986928884,UNSAT,203,c2c6c48d872b6032:0x31965,67396
v1,1790724986929264,SAT,148,c2c6c48d872b6032:0x31965,67544
v1,1790724993146246,UNSAT,469,c2c6c48d872b6032:0x30a23,469
v1,1790724993147338,SAT,569,c2c6c48d872b6032:0x30a23,1038
v1,1790724993153283,SAT,534,c2c6c48d872b6032:0x30a6b,1572
v1,1790724993163301,UNSAT,303,c2c6c48d872b6032:0x33eb5,1875
v1,1790724993164111,SAT,550,c2c6c48d872b6032:0x33eb5,2425
v1,1790724993175407,UNSAT,413,c2c6c48d872b6032:0x33ff7,2838
v1,1790724993175937,UNSAT,248,c2c6c48d872b6032:0x33ff7,3086
v1,1790724993181465,UNSAT,343,c2c6c48d872b6032:0x3403e,3429
v1,1790724993182162,SAT,429,c2c6c48d872b6032:0x3403e,3858
v1,1790724993187614,UNSAT,364,c2c6c48d872b6032:0x34080,4222
v1,1790724993188419,SAT,470,c2c6c48d872b6032:0x34080,4692
v1,1790724993228228,SAT,479,c2c6c48d872b6032:0x2fdd5,5171
v1,1790724997953304,UNSAT,297,c2c6c48d872b6032:0x30b0f,297
v1,1790724997954437,SAT,684,c2c6c48d872b6032:0x30b0f,981
v1,1790724997962330,UNSAT,242,c2c6c48d872b6032:0x319f3,1223
v1,1790724997963040,SAT,451,c2c6c48d872b6032:0x319f3,1674
v1,1790724997976602,SAT,204,c2c6c48d872b6032:0x3249d,1878
v1,1790724997999544,SAT,507,c2c6c48d872b6032:0x32706,2385
v1,1790724998002984,UNSAT,262,c2c6c48d872b6032:0x330c5,2647
v1,1790724998003864,SAT,533,c2c6c48d872b6032:0x330c5,3180
v1,1790724998014227,SAT,413,c2c6c48d872b6032:0x330c5,3593
v1,1790724998014414,SAT,40,c2c6c48d872b6032:0x330c5,3633
v1,1790724998016329,SAT,1769,c2c6c48d872b6032:0x330c5,5402
v1,1790724998018119,SAT,1681,c2c6c48d872b6032:0x330c5,7083
v1,1790724998019899,SAT,1691,c2c6c48d872b6032:0x330c5,8774
v1,1790724998021680,SAT,1691,c2c6c48d872b6032:0x330c5,10465
v1,1790724998023463,UNSAT,1671,c2c6c48d872b6032:0x330c5,12136
v1,1790724998023527,SAT,22,c2c6c48d872b6032:0x330c5,12158
v1,1790724998025959,SAT,2336,c2c6c48d872b6032:0x330c5,14494
v1,1790724998028344,SAT,2275,c2c6c48d872b6032:0x330c5,16769
v1,1790724998030719,SAT,2277,c2c6c48d872b6032:0x330c5,19046
v1,1790724998033103,SAT,2283,c2c6c48d872b6032:0x330c5,21329
v1,1790724998035496,SAT,2299,c2c6c48d872b6032:0x330c5,23628
v1,1790724998037886,SAT,2293,c2c6c48d872b6032:0x330c5,25921
v1,1790724998040290,SAT,2316,c2c6c48d872b6032:0x330c5,28237
v1,1790724998042707,SAT,2311,c2c6c48d872b6032:0x330c5,30548
v1,1790724998045095,SAT,2296,c2c6c48d872b6032:0x330c5,32844
v1,1790724998047505,SAT,2315,c2c6c48d872b6032:0x330c5,35159
v1,1790724998049933,UNSAT,2316,c2c6c48d872b6032:0x330c5,37475
v1,1790724998051700,SAT,1628,c2c6c48d872b6032:0x330c5,39103
v1,1790724998053538,SAT,1670,c2c6c48d872b6032:0x330c5,40773
v1,1790724998054234,SAT,162,c2c6c48d872b6032:0x330c5,40935
v1,1790724998054366,SAT,34,c2c6c48d872b6032:0x330c5,40969
v1,1790724998056184,UNSAT,1721,c2c6c48d872b6032:0x330c5,42690
v1,1790724998056232,SAT,28,c2c6c48d872b6032:0x330c5,42718
v1,1790724998058696,UNSAT,2377,c2c6c48d872b6032:0x330c5,45095
v1,1790724998060352,SAT,1602,c2c6c48d872b6032:0x330c5,46697
v1,1790724998062066,SAT,1586,c2c6c48d872b6032:0x330c5,48283
v1,1790724998068360,UNSAT,192,c2c6c48d872b6032:0x33185,48475
v1,1790724998069072,SAT,471,c2c6c48d872b6032:0x33185,48946
v1,1790724998078224,UNSAT,250,c2c6c48d872b6032:0x31f3b,49196
v1,1790724998078965,SAT,489,c2c6c48d872b6032:0x31f3b,49685
v1,1790724998110285,SAT,1906,c2c6c48d872b6032:0x3a278,51591
v1,1790725004671599,SAT,416,c2c6c48d872b6032:0x2e697,416
v1,1790725004695066,SAT,783,c2c6c48d872b6032:0x2e697,1199
v1,1790725004695416,SAT,62,c2c6c48d872b6032:0x2e697,1261
v1,1790725004696585,UNSAT,936,c2c6c48d872b6032:0x2e697,2197
v1,1790725004696669,SAT,42,c2c6c48d872b6032:0x2e697,2239
v1,1790725004698084,SAT,1168,c2c6c48d872b6032:0x2e697,3407
v1,1790725004699268,SAT,920,c2c6c48d872b6032:0x2e697,4327
v1,1790725004700456,SAT,982,c2c6c48d872b6032:0x2e697,5309
v1,1790725004701476,SAT,812,c2c6c48d872b6032:0x2e697,6121
v1,1790725004702495,SAT,873,c2c6c48d872b6032:0x2e697,6994
v1,1790725004703761,UNSAT,1021,c2c6c48d872b6032:0x2e697,8015
v1,1790725004704635,SAT,735,c2c6c48d872b6032:0x2e697,8750
v1,1790725004705605,SAT,694,c2c6c48d872b6032:0x2e697,9444
v1,1790725004707485,SAT,788,c2c6c48d872b6032:0x2e697,10232
v1,1790725004708146,SAT,54,c2c6c48d872b6032:0x2e697,10286
v1,1790725004708938,UNSAT,644,c2c6c48d872b6032:0x2e697,10930
v1,1790725004708996,SAT,32,c2c6c48d872b6032:0x2e697,10962
v1,1790725004709978,UNSAT,867,c2c6c48d872b6032:0x2e697,11829
v1,1790725004710698,SAT,643,c2c6c48d872b6032:0x2e697,12472
v1,1790725004711429,SAT,571,c2c6c48d872b6032:0x2e697,13043
v1,1790725004713280,SAT,850,c2c6c48d872b6032:0x2e697,13893
v1,1790725004714011,SAT,38,c2c6c48d872b6032:0x2e697,13931
v1,1790725004714930,UNSAT,764,c2c6c48d872b6032:0x2e697,14695
v1,1790725004714992,SAT,34,c2c6c48d872b6032:0x2e697,14729
v1,1790725004715909,UNSAT,792,c2c6c48d872b6032:0x2e697,15521
v1,1790725004716503,SAT,544,c2c6c48d872b6032:0x2e697,16065
v1,1790725004717189,SAT,554,c2c6c48d872b6032:0x2e697,16619
v1,1790725004729445,SAT,757,c2c6c48d872b6032:0x2e697,17376
v1,1790725004730100,SAT,37,c2c6c48d872b6032:0x2e697,17413
v1,1790725004733668,UNSAT,3379,c2c6c48d872b6032:0x2e697,20792
v1,1790725004733737,SAT,34,c2c6c48d872b6032:0x2e697,20826
v1,1790725004737248,UNSAT,3341,c2c6c48d872b6032:0x2e697,24167
v1,1790725004740540,SAT,3193,c2c6c48d872b6032:0x2e697,27360
v1,1790725004743909,SAT,3140,c2c6c48d872b6032:0x2e697,30500
v1,1790725004748406,SAT,3477,c2c6c48d872b6032:0x2e697,33977
v1,1790725004751751,SAT,52,c2c6c48d872b6032:0x2e697,34029
v1,1790725004754828,UNSAT,2910,c2c6c48d872b6032:0x2e697,36939
v1,1790725004754888,SAT,33,c2c6c48d872b6032:0x2e697,36972
v1,1790725004759077,UNSAT,4058,c2c6c48d872b6032:0x2e697,41030
v1,1790725004761921,SAT,2754,c2c6c48d872b6032:0x2e697,43784
v1,1790725004764859,SAT,2764,c2c6c48d872b6032:0x2e697,46548
v1,1790725004769360,SAT,3430,c2c6c48d872b6032:0x2e697,49978
v1,1790725004772629,SAT,42,c2c6c48d872b6032:0x2e697,50020
v1,1790725004775707,UNSAT,2912,c2c6c48d872b6032:0x2e697,52932
v1,1790725004775776,SAT,34,c2c6c48d872b6032:0x2e697,52966
v1,1790725004779919,UNSAT,4012,c2c6c48d872b6032:0x2e697,56978
v1,1790725004782771,SAT,2765,c2c6c48d872b6032:0x2e697,59743
v1,1790725004785722,SAT,2777,c2c6c48d872b6032:0x2e697,62520
v1,1790725004809564,SAT,3441,c2c6c48d872b6032:0x2e697,65961
v1,1790725004812867,SAT,43,c2c6c48d872b6032:0x2e697,66004
v1,1790725004813692,UNSAT,649,c2c6c48d872b6032:0x2e697,66653
v1,1790725004813732,SAT,23,c2c6c48d872b6032:0x2e697,66676
v1,1790725004814625,SAT,790,c2c6c48d872b6032:0x2e697,67466
v1,1790725004815540,SAT,781,c2c6c48d872b6032:0x2e697,68247
v1,1790725004816465,SAT,819,c2c6c48d872b6032:0x2e697,69066
v1,1790725004817349,SAT,768,c2c6c48d872b6032:0x2e697,69834
v1,1790725004818199,UNSAT,757,c2c6c48d872b6032:0x2e697,70591
v1,1790725004818855,SAT,588,c2c6c48d872b6032:0x2e697,71179
v1,1790725004819675,SAT,595,c2c6c48d872b6032:0x2e697,71774
v1,1790725004824618,SAT,4144,c2c6c48d872b6032:0x2e697,75918
v1,1790725004828530,SAT,57,c2c6c48d872b6032:0x2e697,75975
v1,1790725004829382,UNSAT,665,c2c6c48d872b6032:0x2e697,76640
v1,1790725004829436,SAT,36,c2c6c48d872b6032:0x2e697,76676
v1,1790725004830352,UNSAT,799,c2c6c48d872b6032:0x2e697,77475
v1,1790725004831082,SAT,652,c2c6c48d872b6032:0x2e697,78127
v1,1790725004831830,SAT,584,c2c6c48d872b6032:0x2e697,78711
v1,1790725004838183,SAT,5540,c2c6c48d872b6032:0x2e697,84251
v1,1790725004845105,SAT,93,c2c6c48d872b6032:0x2e697,84344
v1,1790725004846413,UNSAT,1051,c2c6c48d872b6032:0x2e697,85395
v1,1790725004846529,SAT,49,c2c6c48d872b6032:0x2e697,85444
v1,1790725004848200,UNSAT,1426,c2c6c48d872b6032:0x2e697,86870
v1,1790725004849208,SAT,833,c2c6c48d872b6032:0x2e697,87703
v1,1790725004850808,SAT,1214,c2c6c48d872b6032:0x2e697,88917
v1,1790725004858146,SAT,5128,c2c6c48d872b6032:0x2e697,94045
v1,1790725004862700,SAT,101,c2c6c48d872b6032:0x2e697,94146
v1,1790725004866913,UNSAT,3868,c2c6c48d872b6032:0x2e697,98014
v1,1790725004867010,SAT,38,c2c6c48d872b6032:0x2e697,98052
v1,1790725004871150,UNSAT,3882,c2c6c48d872b6032:0x2e697,101934
v1,1790725004875150,SAT,3778,c2c6c48d872b6032:0x2e697,105712
v1,1790725004879340,SAT,3776,c2c6c48d872b6032:0x2e697,109488
v1,1790725004887881,SAT,7259,c2c6c48d872b6032:0x2e697,116747
v1,1790725004894498,SAT,82,c2c6c48d872b6032:0x2e697,116829
v1,1790725004897747,UNSAT,2968,c2c6c48d872b6032:0x2e697,119797
v1,1790725004897838,SAT,47,c2c6c48d872b6032:0x2e697,119844
v1,1790725004902945,UNSAT,4900,c2c6c48d872b6032:0x2e697,124744
v1,1790725004906413,SAT,3260,c2c6c48d872b6032:0x2e697,128004
v1,1790725004909824,SAT,3030,c2c6c48d872b6032:0x2e697,131034
v1,1790725004920425,SAT,9453,c2c6c48d872b6032:0x2e697,140487
v1,1790725004930860,SAT,104,c2c6c48d872b6032:0x2e697,140591
v1,1790725004935864,UNSAT,4675,c2c6c48d872b6032:0x2e697,145266
v1,1790725004936020,SAT,63,c2c6c48d872b6032:0x2e697,145329
v1,1790725004942718,UNSAT,6382,c2c6c48d872b6032:0x2e697,151711
v1,1790725004947327,SAT,4374,c2c6c48d872b6032:0x2e697,156085
v1,1790725004952022,SAT,4270,c2c6c48d872b6032:0x2e697,160355
v1,1790725004960252,SAT,6874,c2c6c48d872b6032:0x2e697,167229
v1,1790725004967053,SAT,70,c2c6c48d872b6032:0x2e697,167299
v1,1790725004968099,UNSAT,785,c2c6c48d872b6032:0x2e697,168084
v1,1790725004968176,SAT,38,c2c6c48d872b6032:0x2e697,168122
v1,1790725004969230,SAT,886,c2c6c48d872b6032:0x2e697,169008
v1,1790725004970211,SAT,814,c2c6c48d872b6032:0x2e697,169822
v1,1790725004971136,SAT,798,c2c6c48d872b6032:0x2e697,170620
v1,1790725004972090,SAT,834,c2c6c48d872b6032:0x2e697,171454
v1,1790725004972999,UNSAT,785,c2c6c48d872b6032:0x2e697,172239
v1,1790725004973654,SAT,565,c2c6c48d872b6032:0x2e697,172804
v1,1790725004974384,SAT,561,c2c6c48d872b6032:0x2e697,173365
v1,1790725004982695,SAT,7243,c2c6c48d872b6032:0x2e697,180608
v1,1790725004989642,SAT,58,c2c6c48d872b6032:0x2e697,180666
v1,1790725004990544,UNSAT,706,c2c6c48d872b6032:0x2e697,181372
v1,1790725004990610,SAT,36,c2c6c48d872b6032:0x2e697,181408
v1,1790725004991567,UNSAT,825,c2c6c48d872b6032:0x2e697,182233
v1,1790725004992209,SAT,557,c2c6c48d872b6032:0x2e697,182790
v1,1790725004992918,SAT,561,c2c6c48d872b6032:0x2e697,183351
v1,1790725005001026,SAT,7052,c2c6c48d872b6032:0x2e697,190403
v1,1790725005007925,SAT,53,c2c6c48d872b6032:0x2e697,190456
v1,1790725005008809,UNSAT,690,c2c6c48d872b6032:0x2e697,191146
v1,1790725005008856,SAT,26,c2c6c48d872b6032:0x2e697,191172
v1,1790725005009781,UNSAT,808,c2c6c48d872b6032:0x2e697,191980
v1,1790725005010440,SAT,563,c2c6c48d872b6032:0x2e697,192543
v1,1790725005011171,SAT,569,c2c6c48d872b6032:0x2e697,193112
v1,1790725005019612,SAT,7190,c2c6c48d872b6032:0x2e697,200302
v1,1790725005027081,SAT,58,c2c6c48d872b6032:0x2e697,200360
v1,1790725005031140,UNSAT,3806,c2c6c48d872b6032:0x2e697,204166
v1,1790725005031225,SAT,36,c2c6c48d872b6032:0x2e697,204202
v1,1790725005035212,UNSAT,3746,c2c6c48d872b6032:0x2e697,207948
v1,1790725005038872,SAT,3442,c2c6c48d872b6032:0x2e697,211390
v1,1790725005043235,SAT,3965,c2c6c48d872b6032:0x2e697,215355
v1,1790725005055060,SAT,10135,c2c6c48d872b6032:0x2e697,225490
v1,1790725005064673,SAT,62,c2c6c48d872b6032:0x2e697,225552
v1,1790725005067862,UNSAT,2976,c2c6c48d872b6032:0x2e697,228528
v1,1790725005067935,SAT,39,c2c6c48d872b6032:0x2e697,228567
v1,1790725005072203,UNSAT,4098,c2c6c48d872b6032:0x2e697,232665
v1,1790725005075108,SAT,2781,c2c6c48d872b6032:0x2e697,235446
v1,1790725005078138,SAT,2787,c2c6c48d872b6032:0x2e697,238233
v1,1790725005089322,SAT,9821,c2c6c48d872b6032:0x2e697,248054
v1,1790725005099206,SAT,106,c2c6c48d872b6032:0x2e697,248160
v1,1790725005102488,UNSAT,3032,c2c6c48d872b6032:0x2e697,251192
v1,1790725005102584,SAT,50,c2c6c48d872b6032:0x2e697,251242
v1,1790725005106909,UNSAT,4145,c2c6c48d872b6032:0x2e697,255387
v1,1790725005109829,SAT,2776,c2c6c48d872b6032:0x2e697,258163
v1,1790725005112913,SAT,2788,c2c6c48d872b6032:0x2e697,260951
v1,1790725005153144,UNSAT,225,c2c6c48d872b6032:0x2fcff,261176
v1,1790725005153558,SAT,162,c2c6c48d872b6032:0x2fcff,261338
v1,1790725005159601,SAT,265,c2c6c48d872b6032:0x5a17d,261603
v1,1790725005160823,UNSAT,166,c2c6c48d872b6032:0x5a17d,261769
v1,1790725005161853,UNSAT,149,c2c6c48d872b6032:0x5a17d,261918
v1,1790725005182452,SAT,10127,c2c6c48d872b6032:0x2fdd5,272045
v1,1790725010785076,SAT,251,c2c6c48d872b6032:0x30f26,251
v1,1790725010798746,SAT,684,c2c6c48d872b6032:0x310ba,935
v1,1790725010801370,UNSAT,193,c2c6c48d872b6032:0x318e5,1128
v1,1790725010802059,SAT,442,c2c6c48d872b6032:0x318e5,1570
v1,1790725010809930,UNSAT,171,c2c6c48d872b6032:0x31965,1741
v1,1790725010810646,SAT,448,c2c6c48d872b6032:0x31965,2189
v1,1790725010819432,UNSAT,208,c2c6c48d872b6032:0x319f3,2397
v1,1790725010820142,SAT,460,c2c6c48d872b6032:0x319f3,2857
v1,1790725010833642,SAT,188,c2c6c48d872b6032:0x3249d,3045
v1,1790725010839949,UNSAT,195,c2c6c48d872b6032:0x330c5,3240
v1,1790725010840650,SAT,448,c2c6c48d872b6032:0x330c5,3688
v1,1790725010846010,UNSAT,183,c2c6c48d872b6032:0x33185,3871
v1,1790725010846374,SAT,139,c2c6c48d872b6032:0x33185,4010
v1,1790725015838700,SAT,692,c2c6c48d872b6032:0x30f26,692
v1,1790725015842444,UNSAT,276,c2c6c48d872b6032:0x318e5,968
v1,1790725015843134,SAT,433,c2c6c48d872b6032:0x318e5,1401
v1,1790725015849600,SAT,409,c2c6c48d872b6032:0x318e5,1810
v1,1790725015849775,SAT,34,c2c6c48d872b6032:0x318e5,1844
v1,1790725015851653,SAT,1752,c2c6c48d872b6032:0x318e5,3596
v1,1790725015853442,SAT,1691,c2c6c48d872b6032:0x318e5,5287
v1,1790725015855246,SAT,1708,c2c6c48d872b6032:0x318e5,6995
v1,1790725015857017,UNSAT,1685,c2c6c48d872b6032:0x318e5,8680
v1,1790725015857087,SAT,33,c2c6c48d872b6032:0x318e5,8713
v1,1790725015859500,SAT,2329,c2c6c48d872b6032:0x318e5,11042
v1,1790725015861936,SAT,2322,c2c6c48d872b6032:0x318e5,13364
v1,1790725015864311,SAT,2267,c2c6c48d872b6032:0x318e5,15631
v1,1790725015866715,SAT,2282,c2c6c48d872b6032:0x318e5,17913
v1,1790725015869138,SAT,2327,c2c6c48d872b6032:0x318e5,20240
v1,1790725015871597,SAT,2358,c2c6c48d872b6032:0x318e5,22598
v1,1790725015874099,SAT,2351,c2c6c48d872b6032:0x318e5,24949
v1,1790725015876631,SAT,2411,c2c6c48d872b6032:0x318e5,27360
v1,1790725015879074,SAT,2325,c2c6c48d872b6032:0x318e5,29685
v1,1790725015881519,SAT,2335,c2c6c48d872b6032:0x318e5,32020
v1,1790725015883962,SAT,2318,c2c6c48d872b6032:0x318e5,34338
v1,1790725015886409,SAT,2338,c2c6c48d872b6032:0x318e5,36676
v1,1790725015888929,SAT,2395,c2c6c48d872b6032:0x318e5,39071
v1,1790725015891810,SAT,2732,c2c6c48d872b6032:0x318e5,41803
v1,1790725015894578,UNSAT,2624,c2c6c48d872b6032:0x318e5,44427
v1,1790725015896337,SAT,1634,c2c6c48d872b6032:0x318e5,46061
v1,1790725015898081,SAT,1608,c2c6c48d872b6032:0x318e5,47669
v1,1790725015898816,SAT,179,c2c6c48d872b6032:0x318e5,47848
v1,1790725015898945,SAT,31,c2c6c48d872b6032:0x318e5,47879
v1,1790725015900767,UNSAT,1720,c2c6c48d872b6032:0x318e5,49599
v1,1790725015900815,SAT,26,c2c6c48d872b6032:0x318e5,49625
v1,1790725015903165,UNSAT,2262,c2c6c48d872b6032:0x318e5,51887
v1,1790725015904785,SAT,1582,c2c6c48d872b6032:0x318e5,53469
v1,1790725015906508,SAT,1604,c2c6c48d872b6032:0x318e5,55073
v1,1790725015912761,UNSAT,179,c2c6c48d872b6032:0x31965,55252
v1,1790725015913449,SAT,461,c2c6c48d872b6032:0x31965,55713
v1,1790725015922648,UNSAT,255,c2c6c48d872b6032:0x319f3,55968
v1,1790725015923366,SAT,469,c2c6c48d872b6032:0x319f3,56437
v1,1790725015936595,UNSAT,290,c2c6c48d872b6032:0x31f3b,56727
v1,1790725015937329,SAT,465,c2c6c48d872b6032:0x31f3b,57192
v1,1790725015968133,SAT,1831,c2c6c48d872b6032:0x3a278,59023
v1,1790725022956654,SAT,582,c2c6c48d872b6032:0x30a23,582
v1,1790725022981882,SAT,327,c2c6c48d872b6032:0x2fdd5,909
v1,1790725027583126,SAT,360,c2c6c48d872b6032:0x32706,360
v1,1790725027595713,SAT,315,c2c6c48d872b6032:0x3289a,675
v1,1790725027607942,SAT,741,c2c6c48d872b6032:0x32a2e,1416
v1,1790725027610428,UNSAT,190,c2c6c48d872b6032:0x330c5,1606
v1,1790725027611111,SAT,450,c2c6c48d872b6032:0x330c5,2056
v1,1790725027616217,UNSAT,174,c2c6c48d872b6032:0x33185,2230
v1,1790725027616940,SAT,512,c2c6c48d872b6032:0x33185,2742
v1,1790725027625086,UNSAT,179,c2c6c48d872b6032:0x31f3b,2921
v1,1790725027625780,SAT,469,c2c6c48d872b6032:0x31f3b,3390
