schema_version,candidate_id,timestamp_us,branch_id,is_interesting,taken,constraint_count,path_length,symbolized_bytes,branch_hit_count,prev_sat,prev_unsat,prev_timeout,rtn_offset,rtn_size,rtn_cmov,insn_pos_in_rtn,rtn_insn_count,rtn_branch_count,rtn_indirect_count,rtn_simd_count,rtn_mem_ops
v1,1,1790970803188845,10728d70e0641a69:0x7b7dc,1,0,0,1,1,0,0,2,0,204,534,1,61,141,27,3,0,60
v1,2,1790970803478454,10728d70e0641a69:0x8eccc,1,1,1,2,8,0,1,0,0,1132,836,0,0,218,38,13,19,35
v1,3,1790970803504570,10728d70e0641a69:0xa817c,1,0,2,3,4,0,1,0,0,140,1920,3,32,379,18,1,0,192
v1,4,1790970803542277,10728d70e0641a69:0x1159e5,1,1,1,4,1,0,0,2,0,69,5904,0,17,1245,33,2,0,521
v1,5,1790970803553639,10728d70e0641a69:0x6cd2,1,1,1,5,1,0,1,0,0,82,739,0,19,152,6,2,0,90
v1,6,1790970803572096,10728d70e0641a69:0x115a2d,1,1,1,6,1,0,1,0,0,141,5904,0,32,1245,33,2,0,521
v1,7,1790970803637065,10728d70e0641a69:0xa81f9,1,0,21,7,1,0,1,0,0,265,1920,3,58,379,18,1,0,192
v1,8,1790970803642448,10728d70e0641a69:0xa8240,1,0,1,8,1,0,1,0,0,336,1920,3,72,379,18,1,0,192
v1,9,1790970803650031,10728d70e0641a69:0xa828b,1,0,2,9,1,0,1,0,0,411,1920,3,87,379,18,1,0,192
v1,10,1790970803655403,10728d70e0641a69:0xa82d2,1,0,1,10,1,0,1,0,0,482,1920,3,101,379,18,1,0,192
v1,11,1790970803661789,10728d70e0641a69:0xa831e,1,0,2,11,1,0,1,0,0,558,1920,3,117,379,18,1,0,192
v1,12,1790970803667261,10728d70e0641a69:0xa8362,1,0,1,12,1,0,1,0,0,626,1920,3,130,379,18,1,0,192
v1,13,1790970803674274,10728d70e0641a69:0xa83af,1,0,2,13,1,0,1,0,0,703,1920,3,145,379,18,1,0,192
v1,14,1790970803679744,10728d70e0641a69:0xa83f8,1,0,2,14,1,0,1,0,0,776,1920,3,159,379,18,1,0,192
v1,15,1790970803686674,10728d70e0641a69:0xa856e,1,0,3,15,4,0,1,0,0,1150,1920,3,228,379,18,1,0,192
v1,16,1790970803694907,10728d70e0641a69:0xa85ea,1,1,15,16,4,0,1,1,0,1274,1920,3,251,379,18,1,0,192
v1,17,1790970803707771,10728d70e0641a69:0x3e5dd,1,0,1,17,4,0,1,1,0,109,3568,0,25,706,55,2,0,362
v1,18,1790970803717235,10728d70e0641a69:0x3e6a2,1,1,1,18,4,0,1,0,0,306,3568,0,63,706,55,2,0,362
v1,19,1790970803731903,10728d70e0641a69:0xaa573,1,0,20,19,4,0,1,1,0,163,1680,0,35,337,13,1,0,188
v1,20,1790970803740322,10728d70e0641a69:0x6cd2,1,1,1,20,1,1,2,1,0,82,739,0,19,152,6,2,0,90
v1,21,1790970803742683,10728d70e0641a69:0x115a2d,1,1,1,21,1,1,2,5,0,141,5904,0,32,1245,33,2,0,521
v1,22,1790970803795406,10728d70e0641a69:0xa6db7,1,1,48,22,1,0,1,1,0,87,1168,0,17,222,9,1,0,129
v1,23,1790970803806554,10728d70e0641a69:0xa6ec6,1,1,1,23,5,0,1,1,0,358,1168,0,70,222,9,1,0,129
v1,24,1790970803823439,10728d70e0641a69:0xaa60f,1,0,1,24,4,0,1,0,0,319,1680,0,71,337,13,1,0,188
v1,25,1790970803830815,10728d70e0641a69:0xaa680,1,0,1,25,4,0,1,0,0,432,1680,0,94,337,13,1,0,188
v1,26,1790970803838636,10728d70e0641a69:0xaa713,1,0,1,26,1,0,1,0,0,579,1680,0,120,337,13,1,0,188
v1,27,1790970803843336,10728d70e0641a69:0xaa758,1,0,1,27,1,0,1,0,0,648,1680,0,133,337,13,1,0,188
v1,28,1790970803848079,10728d70e0641a69:0xaa79c,1,0,2,28,1,0,1,0,0,716,1680,0,146,337,13,1,0,188
v1,29,1790970803856515,10728d70e0641a69:0xaa82b,1,1,3,29,1,0,1,0,0,859,1680,0,173,337,13,1,0,188
v1,30,1790970803907942,10728d70e0641a69:0xf247,1,0,1,30,4,0,1,0,0,87,3336,0,23,644,37,1,0,363
v1,31,1790970803919566,10728d70e0641a69:0xf30f,1,0,7,31,4,0,1,0,0,287,3336,0,60,644,37,1,0,363
v1,32,1790970803933435,10728d70e0641a69:0xf38b,1,0,8,32,4,0,1,0,0,411,3336,0,83,644,37,1,0,363
v1,33,1790970803946971,10728d70e0641a69:0xf483,1,0,2,33,4,0,1,0,0,659,3336,0,128,644,37,1,0,363
v1,34,1790970803955156,10728d70e0641a69:0xf500,1,1,3,34,1,0,1,0,0,784,3336,0,151,644,37,1,0,363
v1,35,1790970803966226,10728d70e0641a69:0xf5cf,1,0,11,35,1,0,1,0,0,991,3336,0,191,644,37,1,0,363
v1,36,1790970803971382,10728d70e0641a69:0xf613,1,0,4,36,1,0,1,0,0,1059,3336,0,204,644,37,1,0,363
v1,37,1790970803979699,10728d70e0641a69:0xf68f,1,0,5,37,1,0,1,0,0,1183,3336,0,227,644,37,1,0,363
v1,38,1790970803991138,10728d70e0641a69:0xf74c,1,0,6,38,1,0,1,1,0,1372,3336,0,263,644,37,1,0,363
v1,39,1790970803997116,10728d70e0641a69:0xf78f,1,0,1,39,1,0,1,1,0,1439,3336,0,276,644,37,1,0,363
v1,40,1790970804005207,10728d70e0641a69:0xf80c,1,1,1,40,1,0,1,0,0,1564,3336,0,299,644,37,1,0,363
v1,41,1790970804010641,10728d70e0641a69:0xf89a,1,0,1,41,1,0,1,0,0,1706,3336,0,328,644,37,1,0,363
v1,42,1790970804025884,10728d70e0641a69:0xf9a6,1,1,1,42,1,0,1,0,0,1974,3336,0,378,644,37,1,0,363
v1,43,1790970804034539,10728d70e0641a69:0xc4116,1,1,1,43,1,0,1,1,0,294,920,0,67,194,10,1,0,108
v1,44,1790970804041625,10728d70e0641a69:0xc4268,1,0,1,44,1,0,1,1,0,632,920,0,133,194,10,1,0,108
v1,45,1790970804061033,10728d70e0641a69:0xa817c,1,0,1,45,4,1,2,0,0,140,1920,3,32,379,18,1,0,192
v1,46,1790970804062637,10728d70e0641a69:0x1159e5,1,1,1,46,1,1,0,4,0,69,5904,0,17,1245,33,2,0,521
v1,47,1790970804063854,10728d70e0641a69:0x6cd2,1,0,1,47,1,2,3,1,0,82,739,0,19,152,6,2,0,90
v1,48,1790970804073589,10728d70e0641a69:0x115a2d,1,1,1,48,1,2,3,18,0,141,5904,0,32,1245,33,2,0,521
v1,49,1790970804077804,10728d70e0641a69:0xa81f9,1,0,20,49,1,1,2,0,0,265,1920,3,58,379,18,1,0,192
v1,50,1790970804079142,10728d70e0641a69:0xa8240,1,0,1,50,1,1,2,0,0,336,1920,3,72,379,18,1,0,192
v1,51,1790970804080561,10728d70e0641a69:0xa828b,1,0,2,51,1,1,2,0,0,411,1920,3,87,379,18,1,0,192
v1,52,1790970804081895,10728d70e0641a69:0xa82d2,1,0,1,52,1,1,2,0,0,482,1920,3,101,379,18,1,0,192
v1,53,1790970804083634,10728d70e0641a69:0xa831e,1,0,2,53,1,1,2,0,0,558,1920,3,117,379,18,1,0,192
v1,54,1790970804084965,10728d70e0641a69:0xa8362,1,0,1,54,1,1,2,0,0,626,1920,3,130,379,18,1,0,192
v1,55,1790970804086765,10728d70e0641a69:0xa83af,1,0,2,55,1,1,2,0,0,703,1920,3,145,379,18,1,0,192
v1,56,1790970804088176,10728d70e0641a69:0xa83f8,1,0,2,56,1,1,2,0,0,776,1920,3,159,379,18,1,0,192
v1,57,1790970804089650,10728d70e0641a69:0xa856e,1,0,3,57,4,1,2,1,0,1150,1920,3,228,379,18,1,0,192
v1,58,1790970804091398,10728d70e0641a69:0xa85ea,1,1,1,58,4,1,2,2,0,1274,1920,3,251,379,18,1,0,192
v1,59,1790970804093590,10728d70e0641a69:0x3e5dd,1,0,1,59,4,1,2,2,0,109,3568,0,25,706,55,2,0,362
v1,60,1790970804095342,10728d70e0641a69:0x3e6a2,1,0,1,60,4,1,2,1,0,306,3568,0,63,706,55,2,0,362
v1,61,1790970804101313,10728d70e0641a69:0x3e6e6,1,0,1,61,4,0,1,1,0,374,3568,0,75,706,55,2,0,362
v1,62,1790970804127254,10728d70e0641a69:0x3e730,1,1,1,62,1,0,0,2,0,448,3568,0,90,706,55,2,0,362
v1,63,1790970804130290,10728d70e0641a69:0x3e9ce,1,0,1,63,4,0,1,1,0,1118,3568,0,221,706,55,2,0,362
v1,64,1790970804136180,10728d70e0641a69:0x3ea12,1,0,1,64,4,0,1,1,0,1186,3568,0,233,706,55,2,0,362
v1,65,1790970804142181,10728d70e0641a69:0x3ea56,1,0,1,65,4,0,1,0,0,1254,3568,0,245,706,55,2,0,362
v1,66,1790970804147941,10728d70e0641a69:0x3ea9a,1,0,29,66,4,0,1,0,0,1322,3568,0,257,706,55,2,0,362
v1,67,1790970804153964,10728d70e0641a69:0x3eade,1,0,31,67,4,0,1,0,0,1390,3568,0,269,706,55,2,0,362
v1,68,1790970804160134,10728d70e0641a69:0x3eb22,1,1,33,68,4,0,1,0,0,1458,3568,0,281,706,55,2,0,362
v1,69,1790970804179434,10728d70e0641a69:0xabb3b,1,1,35,69,4,0,1,1,0,219,800,1,44,163,7,1,0,88
v1,70,1790970804184862,10728d70e0641a69:0x6cd2,1,0,1,70,1,3,4,2,0,82,739,0,19,152,6,2,0,90
v1,71,1790970804188312,10728d70e0641a69:0x115a2d,1,1,1,71,1,3,4,23,0,141,5904,0,32,1245,33,2,0,521
v1,72,1790970804195812,10728d70e0641a69:0xa6db7,1,0,44,72,1,1,2,2,0,87,1168,0,17,222,9,1,0,129
v1,73,1790970804208821,10728d70e0641a69:0xa6ec6,1,1,1,73,5,1,2,2,0,358,1168,0,70,222,9,1,0,129
v1,74,1790970804219483,10728d70e0641a69:0xabcdc,1,1,1,74,4,0,1,0,0,636,800,1,131,163,7,1,0,88
v1,75,1790970804226498,10728d70e0641a69:0xabc8,1,0,1,75,4,0,1,0,0,72,1229,0,16,246,13,1,0,138
v1,76,1790970804281663,10728d70e0641a69:0xa817c,1,0,2,76,4,2,3,0,0,140,1920,3,32,379,18,1,0,192
v1,77,1790970804283340,10728d70e0641a69:0x1159e5,1,1,1,77,1,2,0,6,0,69,5904,0,17,1245,33,2,0,521
v1,78,1790970804284871,10728d70e0641a69:0x6cd2,1,0,1,78,1,4,5,2,0,82,739,0,19,152,6,2,0,90
v1,79,1790970804286355,10728d70e0641a69:0x115a2d,1,1,1,79,1,4,5,27,0,141,5904,0,32,1245,33,2,0,521
v1,80,1790970804291052,10728d70e0641a69:0xa81f9,1,0,20,80,1,2,3,0,0,265,1920,3,58,379,18,1,0,192
v1,81,1790970804292598,10728d70e0641a69:0xa8240,1,0,1,81,1,2,3,0,0,336,1920,3,72,379,18,1,0,192
v1,82,1790970804294185,10728d70e0641a69:0xa828b,1,0,2,82,1,2,3,0,0,411,1920,3,87,379,18,1,0,192
v1,83,1790970804296202,10728d70e0641a69:0xa82d2,1,0,1,83,1,2,3,0,0,482,1920,3,101,379,18,1,0,192
v1,84,1790970804298082,10728d70e0641a69:0xa831e,1,0,2,84,1,2,3,0,0,558,1920,3,117,379,18,1,0,192
v1,85,1790970804299438,10728d70e0641a69:0xa8362,1,0,1,85,1,2,3,0,0,626,1920,3,130,379,18,1,0,192
v1,86,1790970804301076,10728d70e0641a69:0xa83af,1,0,2,86,1,2,3,0,0,703,1920,3,145,379,18,1,0,192
v1,87,1790970804302503,10728d70e0641a69:0xa83f8,1,0,2,87,1,2,3,0,0,776,1920,3,159,379,18,1,0,192
v1,88,1790970804303987,10728d70e0641a69:0xa856e,1,0,3,88,4,2,3,2,0,1150,1920,3,228,379,18,1,0,192
v1,89,1790970804305723,10728d70e0641a69:0xa85ea,1,1,1,89,4,2,3,3,0,1274,1920,3,251,379,18,1,0,192
v1,90,1790970804307774,10728d70e0641a69:0x3e5dd,1,0,1,90,4,2,3,3,0,109,3568,0,25,706,55,2,0,362
v1,91,1790970804309446,10728d70e0641a69:0x3e6a2,1,0,1,91,4,2,3,2,0,306,3568,0,63,706,55,2,0,362
v1,92,1790970804311218,10728d70e0641a69:0x3e6e6,1,0,1,92,4,1,2,2,0,374,3568,0,75,706,55,2,0,362
v1,93,1790970804313252,10728d70e0641a69:0x3e730,1,1,1,93,1,1,0,4,0,448,3568,0,90,706,55,2,0,362
v1,94,1790970804315159,10728d70e0641a69:0x3e9ce,1,0,1,94,4,1,2,2,0,1118,3568,0,221,706,55,2,0,362
v1,95,1790970804317326,10728d70e0641a69:0x3ea12,1,0,1,95,4,1,2,2,0,1186,3568,0,233,706,55,2,0,362
v1,96,1790970804319574,10728d70e0641a69:0x3ea56,1,0,1,96,4,1,2,0,0,1254,3568,0,245,706,55,2,0,362
v1,97,1790970804321653,10728d70e0641a69:0x3ea9a,1,0,29,97,4,1,2,0,0,1322,3568,0,257,706,55,2,0,362
v1,98,1790970804323845,10728d70e0641a69:0x3eade,1,0,31,98,4,1,2,0,0,1390,3568,0,269,706,55,2,0,362
v1,99,1790970804326094,10728d70e0641a69:0x3eb22,1,0,33,99,4,1,2,0,0,1458,3568,0,281,706,55,2,0,362
v1,100,1790970804332404,10728d70e0641a69:0x3eb66,1,0,35,100,4,0,1,0,0,1526,3568,0,293,706,55,2,0,362
v1,101,1790970804338997,10728d70e0641a69:0x3ebaa,1,0,37,101,4,0,1,0,0,1594,3568,0,305,706,55,2,0,362
v1,102,1790970804345747,10728d70e0641a69:0x3ebee,1,0,39,102,4,0,1,0,0,1662,3568,0,317,706,55,2,0,362
v1,103,1790970804352706,10728d70e0641a69:0x3ec32,1,0,41,103,4,0,1,0,0,1730,3568,0,329,706,55,2,0,362
v1,104,1790970804359854,10728d70e0641a69:0x3ec76,1,0,43,104,4,0,1,0,0,1798,3568,0,341,706,55,2,0,362
v1,105,1790970804367068,10728d70e0641a69:0x3ecba,1,0,45,105,4,0,1,0,0,1866,3568,0,353,706,55,2,0,362
v1,106,1790970804374527,10728d70e0641a69:0x3ecfe,1,1,47,106,4,0,1,0,0,1934,3568,0,365,706,55,2,0,362
v1,107,1790970804396135,10728d70e0641a69:0xacdeb,1,1,49,107,4,0,1,1,0,219,944,0,44,187,10,1,0,103
v1,108,1790970804401625,10728d70e0641a69:0x6cd2,1,0,1,108,1,5,6,3,0,82,739,0,19,152,6,2,0,90
v1,109,1790970804406519,10728d70e0641a69:0x115a2d,1,1,1,109,1,5,6,32,0,141,5904,0,32,1245,33,2,0,521
v1,110,1790970804410630,10728d70e0641a69:0xa6db7,1,0,37,110,1,2,3,3,0,87,1168,0,17,222,9,1,0,129
v1,111,1790970804416301,10728d70e0641a69:0xa6ec6,1,1,1,111,5,2,3,3,0,358,1168,0,70,222,9,1,0,129
v1,112,1790970804437247,10728d70e0641a69:0xb594,1,0,1,112,1,0,1,0,0,148,1565,0,32,313,15,3,0,184
v1,113,1790970804458195,10728d70e0641a69:0xb7f4,1,1,1,113,4,0,1,1,0,756,1565,0,151,313,15,3,0,184
v1,114,1790970804515619,10728d70e0641a69:0xa817c,1,0,1,114,4,3,4,0,0,140,1920,3,32,379,18,1,0,192
v1,115,1790970804517397,10728d70e0641a69:0x1159e5,1,1,1,115,1,3,0,8,0,69,5904,0,17,1245,33,2,0,521
v1,116,1790970804518781,10728d70e0641a69:0x115a2d,1,1,1,116,1,6,7,33,0,141,5904,0,32,1245,33,2,0,521
v1,117,1790970804523169,10728d70e0641a69:0xa85ea,1,0,21,117,4,3,4,4,0,1274,1920,3,251,379,18,1,0,192
v1,118,1790970804941012,10728d70e0641a69:0xaac9f,1,0,1,118,1,0,1,1,0,319,3520,1,65,680,29,1,0,379
v1,119,1790970804955741,10728d70e0641a69:0xaace6,1,1,1,119,4,0,1,1,0,390,3520,1,78,680,29,1,0,379
v1,120,1790970804965428,10728d70e0641a69:0xa897f,1,0,1,120,4,0,1,1,0,95,5952,0,21,1144,59,1,0,614
v1,121,1790970804975272,10728d70e0641a69:0xa8a0f,1,1,1,121,4,0,1,1,0,239,5952,0,50,1144,59,1,0,614
v1,122,1790970804981739,10728d70e0641a69:0xa904a,1,0,1,122,4,0,1,1,0,1834,5952,0,364,1144,59,1,0,614
v1,123,1790970805011395,10728d70e0641a69:0x115a2d,1,0,1,123,1,7,7,39,0,141,5904,0,32,1245,33,2,0,521
v1,124,1790970816917151,10728d70e0641a69:0xa90b0,1,0,63,124,4,0,1,1,0,1936,5952,0,385,1144,59,1,0,614
v1,125,1790970816926721,10728d70e0641a69:0x115a2d,1,0,1,125,40,8,5087,2081,0,141,5904,0,32,1245,33,2,0,521
v1,126,1790970830968115,10728d70e0641a69:0xa9118,1,0,63,126,4,0,1,1,0,2040,5952,0,407,1144,59,1,0,614
v1,1,1790970896636650,10728d70e0641a69:0x7b7dc,0,0,0,1,1,1,0,2,0,204,534,1,61,141,27,3,0,60
v1,2,1790970896952651,10728d70e0641a69:0x8eccc,1,0,0,2,8,1,2,0,0,1132,836,0,0,218,38,13,19,35
v1,3,1790970897052111,10728d70e0641a69:0xa7f5f,1,0,2,3,8,0,1,0,0,271,672,0,61,143,5,2,0,82
v1,4,1790970897071932,10728d70e0641a69:0x8eccc,1,1,3,4,4,2,3,0,0,1132,836,0,0,218,38,13,19,35
v1,1,1790970903287780,10728d70e0641a69:0x7b7dc,0,0,0,1,1,2,0,2,0,204,534,1,61,141,27,3,0,60
v1,2,1790970903494181,10728d70e0641a69:0x8eccc,0,1,0,2,8,3,3,0,0,1132,836,0,0,218,38,13,19,35
v1,3,1790970903521435,10728d70e0641a69:0xa817c,0,0,0,3,4,4,4,0,0,140,1920,3,32,379,18,1,0,192
v1,4,1790970903561243,10728d70e0641a69:0x1159e5,0,1,0,4,1,4,0,8,0,69,5904,0,17,1245,33,2,0,521
v1,5,1790970903573364,10728d70e0641a69:0x6cd2,0,0,0,5,1,6,6,3,0,82,739,0,19,152,6,2,0,90
v1,6,1790970903597561,10728d70e0641a69:0x115a2d,0,1,0,6,1,9,10207,4129,0,141,5904,0,32,1245,33,2,0,521
v1,7,1790970903663260,10728d70e0641a69:0xa81f9,0,0,0,7,1,3,3,0,0,265,1920,3,58,379,18,1,0,192
v1,8,1790970903667579,10728d70e0641a69:0xa8240,0,0,0,8,1,3,3,0,0,336,1920,3,72,379,18,1,0,192
v1,9,1790970903671928,10728d70e0641a69:0xa828b,0,0,0,9,1,3,3,0,0,411,1920,3,87,379,18,1,0,192
v1,10,1790970903675928,10728d70e0641a69:0xa82d2,0,0,0,10,1,3,3,0,0,482,1920,3,101,379,18,1,0,192
v1,11,1790970903680690,10728d70e0641a69:0xa831e,0,0,0,11,1,3,3,0,0,558,1920,3,117,379,18,1,0,192
v1,12,1790970903684831,10728d70e0641a69:0xa8362,0,0,0,12,1,3,3,0,0,626,1920,3,130,379,18,1,0,192
v1,13,1790970903689312,10728d70e0641a69:0xa83af,0,0,0,13,1,3,3,0,0,703,1920,3,145,379,18,1,0,192
v1,14,1790970903693236,10728d70e0641a69:0xa83f8,0,0,0,14,1,3,3,0,0,776,1920,3,159,379,18,1,0,192
v1,15,1790970903698300,10728d70e0641a69:0xa856e,0,0,0,15,4,3,3,2,0,1150,1920,3,228,379,18,1,0,192
v1,16,1790970903705370,10728d70e0641a69:0xa85ea,0,1,0,16,4,4,4,4,0,1274,1920,3,251,379,18,1,0,192
v1,17,1790970903716098,10728d70e0641a69:0x3e5dd,0,0,0,17,4,3,3,3,0,109,3568,0,25,706,55,2,0,362
v1,18,1790970903723474,10728d70e0641a69:0x3e6a2,0,0,0,18,4,3,3,2,0,306,3568,0,63,706,55,2,0,362
v1,19,1790970903727142,10728d70e0641a69:0x3e6e6,0,0,0,19,4,2,2,2,0,374,3568,0,75,706,55,2,0,362
v1,20,1790970903755217,10728d70e0641a69:0x3e730,0,1,0,20,1,2,0,4,0,448,3568,0,90,706,55,2,0,362
v1,21,1790970903756297,10728d70e0641a69:0x3e9ce,0,0,0,21,4,2,2,2,0,1118,3568,0,221,706,55,2,0,362
v1,22,1790970903759916,10728d70e0641a69:0x3ea12,0,0,0,22,4,2,2,2,0,1186,3568,0,233,706,55,2,0,362
v1,23,1790970903763575,10728d70e0641a69:0x3ea56,0,0,0,23,4,2,2,0,0,1254,3568,0,245,706,55,2,0,362
v1,24,1790970903767529,10728d70e0641a69:0x3ea9a,0,0,0,24,4,2,2,0,0,1322,3568,0,257,706,55,2,0,362
v1,25,1790970903771871,10728d70e0641a69:0x3eade,0,0,0,25,4,2,2,0,0,1390,3568,0,269,706,55,2,0,362
v1,26,1790970903775926,10728d70e0641a69:0x3eb22,0,0,0,26,4,2,2,0,0,1458,3568,0,281,706,55,2,0,362
v1,27,1790970903779660,10728d70e0641a69:0x3eb66,0,0,0,27,4,1,1,0,0,1526,3568,0,293,706,55,2,0,362
v1,28,1790970903783783,10728d70e0641a69:0x3ebaa,0,0,0,28,4,1,1,0,0,1594,3568,0,305,706,55,2,0,362
v1,29,1790970903787864,10728d70e0641a69:0x3ebee,0,0,0,29,4,1,1,0,0,1662,3568,0,317,706,55,2,0,362
v1,30,1790970903791811,10728d70e0641a69:0x3ec32,0,0,0,30,4,1,1,0,0,1730,3568,0,329,706,55,2,0,362
v1,31,1790970903795781,10728d70e0641a69:0x3ec76,0,0,0,31,4,1,1,0,0,1798,3568,0,341,706,55,2,0,362
v1,32,1790970903799928,10728d70e0641a69:0x3ecba,1,1,0,32,4,1,2,1,0,1866,3568,0,353,706,55,2,0,362
v1,33,1790970903891514,10728d70e0641a69:0x290c3,1,0,1,33,1,0,1,1,0,67,2532,0,14,515,25,2,0,266
v1,34,1790970903899129,10728d70e0641a69:0x2910c,1,0,1,34,1,0,1,1,0,140,2532,0,28,515,25,2,0,266
v1,35,1790970903911302,10728d70e0641a69:0x2919f,1,0,1,35,1,0,1,1,0,287,2532,0,58,515,25,2,0,266
v1,36,1790970903919093,10728d70e0641a69:0x291e6,1,0,1,36,1,0,1,1,0,358,2532,0,72,515,25,2,0,266
v1,37,1790970903930861,10728d70e0641a69:0x29277,1,0,1,37,1,0,1,1,0,503,2532,0,100,515,25,2,0,266
v1,38,1790970903938483,10728d70e0641a69:0x292be,1,0,1,38,1,0,1,1,0,574,2532,0,114,515,25,2,0,266
v1,39,1790970903950169,10728d70e0641a69:0x2934c,1,0,1,39,1,0,1,1,0,716,2532,0,142,515,25,2,0,266
v1,40,1790970903958489,10728d70e0641a69:0x29394,1,0,1,40,1,0,1,1,0,788,2532,0,156,515,25,2,0,266
v1,1,1790970908854712,10728d70e0641a69:0x7b7dc,0,0,0,1,1,3,0,2,0,204,534,1,61,141,27,3,0,60
v1,2,1790970908953089,10728d70e0641a69:0x8eccc,0,1,0,2,8,4,3,0,0,1132,836,0,0,218,38,13,19,35
v1,3,1790970908977584,10728d70e0641a69:0xa817c,0,0,0,3,4,5,4,0,0,140,1920,3,32,379,18,1,0,192
v1,4,1790970909014616,10728d70e0641a69:0x1159e5,0,1,0,4,1,5,0,8,0,69,5904,0,17,1245,33,2,0,521
v1,5,1790970909024978,10728d70e0641a69:0x6cd2,0,0,0,5,1,7,6,3,0,82,739,0,19,152,6,2,0,90
v1,6,1790970909047515,10728d70e0641a69:0x115a2d,0,1,0,6,1,10,10207,4129,0,141,5904,0,32,1245,33,2,0,521
v1,7,1790970909111177,10728d70e0641a69:0xa81f9,0,0,0,7,1,4,3,0,0,265,1920,3,58,379,18,1,0,192
v1,8,1790970909115084,10728d70e0641a69:0xa8240,0,0,0,8,1,4,3,0,0,336,1920,3,72,379,18,1,0,192
v1,9,1790970909119516,10728d70e0641a69:0xa828b,0,0,0,9,1,4,3,0,0,411,1920,3,87,379,18,1,0,192
v1,10,1790970909123447,10728d70e0641a69:0xa82d2,0,0,0,10,1,4,3,0,0,482,1920,3,101,379,18,1,0,192
v1,11,1790970909128208,10728d70e0641a69:0xa831e,0,0,0,11,1,4,3,0,0,558,1920,3,117,379,18,1,0,192
v1,12,1790970909132307,10728d70e0641a69:0xa8362,0,0,0,12,1,4,3,0,0,626,1920,3,130,379,18,1,0,192
v1,13,1790970909136559,10728d70e0641a69:0xa83af,0,0,0,13,1,4,3,0,0,703,1920,3,145,379,18,1,0,192
v1,14,1790970909140618,10728d70e0641a69:0xa83f8,0,0,0,14,1,4,3,0,0,776,1920,3,159,379,18,1,0,192
v1,15,1790970909145785,10728d70e0641a69:0xa856e,0,0,0,15,4,4,3,2,0,1150,1920,3,228,379,18,1,0,192
v1,16,1790970909152588,10728d70e0641a69:0xa85ea,0,1,0,16,4,5,4,4,0,1274,1920,3,251,379,18,1,0,192
v1,17,1790970909162657,10728d70e0641a69:0x3e5dd,0,0,0,17,4,4,3,3,0,109,3568,0,25,706,55,2,0,362
v1,18,1790970909170312,10728d70e0641a69:0x3e6a2,0,0,0,18,4,4,3,2,0,306,3568,0,63,706,55,2,0,362
v1,19,1790970909174067,10728d70e0641a69:0x3e6e6,0,0,0,19,4,3,2,2,0,374,3568,0,75,706,55,2,0,362
v1,20,1790970909198524,10728d70e0641a69:0x3e730,0,1,0,20,1,3,0,4,0,448,3568,0,90,706,55,2,0,362
v1,21,1790970909199532,10728d70e0641a69:0x3e9ce,0,0,0,21,4,3,2,2,0,1118,3568,0,221,706,55,2,0,362
v1,22,1790970909203307,10728d70e0641a69:0x3ea12,0,0,0,22,4,3,2,2,0,1186,3568,0,233,706,55,2,0,362
v1,23,1790970909206936,10728d70e0641a69:0x3ea56,0,0,0,23,4,3,2,0,0,1254,3568,0,245,706,55,2,0,362
v1,24,1790970909210748,10728d70e0641a69:0x3ea9a,0,0,0,24,4,3,2,0,0,1322,3568,0,257,706,55,2,0,362
v1,25,1790970909214622,10728d70e0641a69:0x3eade,0,0,0,25,4,3,2,0,0,1390,3568,0,269,706,55,2,0,362
v1,26,1790970909218192,10728d70e0641a69:0x3eb22,0,0,0,26,4,3,2,0,0,1458,3568,0,281,706,55,2,0,362
v1,27,1790970909222047,10728d70e0641a69:0x3eb66,0,0,0,27,4,2,1,0,0,1526,3568,0,293,706,55,2,0,362
v1,28,1790970909225670,10728d70e0641a69:0x3ebaa,0,0,0,28,4,2,1,0,0,1594,3568,0,305,706,55,2,0,362
v1,29,1790970909229554,10728d70e0641a69:0x3ebee,0,0,0,29,4,2,1,0,0,1662,3568,0,317,706,55,2,0,362
v1,30,1790970909233189,10728d70e0641a69:0x3ec32,0,0,0,30,4,2,1,0,0,1730,3568,0,329,706,55,2,0,362
v1,31,1790970909237011,10728d70e0641a69:0x3ec76,0,0,0,31,4,2,1,0,0,1798,3568,0,341,706,55,2,0,362
v1,32,1790970909240710,10728d70e0641a69:0x3ecba,0,0,0,32,4,2,2,1,0,1866,3568,0,353,706,55,2,0,362
v1,33,1790970909244534,10728d70e0641a69:0x3ecfe,0,1,0,33,4,1,1,0,0,1934,3568,0,365,706,55,2,0,362
v1,34,1790970909270125,10728d70e0641a69:0x290c3,1,0,0,34,1,1,2,2,0,67,2532,0,14,515,25,2,0,266
v1,35,1790970909283095,10728d70e0641a69:0x2910c,1,0,1,35,1,1,2,2,0,140,2532,0,28,515,25,2,0,266
v1,36,1790970909294699,10728d70e0641a69:0x2919f,1,0,1,36,1,1,2,2,0,287,2532,0,58,515,25,2,0,266
v1,37,1790970909301929,10728d70e0641a69:0x291e6,1,0,1,37,1,1,2,2,0,358,2532,0,72,515,25,2,0,266
v1,38,1790970909313339,10728d70e0641a69:0x29277,1,0,1,38,1,1,2,2,0,503,2532,0,100,515,25,2,0,266
v1,39,1790970909320739,10728d70e0641a69:0x292be,1,0,1,39,1,1,2,2,0,574,2532,0,114,515,25,2,0,266
v1,40,1790970909332893,10728d70e0641a69:0x2934c,1,0,1,40,1,1,2,2,0,716,2532,0,142,515,25,2,0,266
v1,41,1790970909340616,10728d70e0641a69:0x29394,1,0,1,41,1,1,2,2,0,788,2532,0,156,515,25,2,0,266
v1,1,1790970915798731,10728d70e0641a69:0x7b7dc,0,0,0,1,1,4,0,2,0,204,534,1,61,141,27,3,0,60
v1,2,1790970916069217,10728d70e0641a69:0x8eccc,0,1,0,2,8,5,3,0,0,1132,836,0,0,218,38,13,19,35
v1,3,1790970916095973,10728d70e0641a69:0xa817c,0,0,0,3,4,6,4,0,0,140,1920,3,32,379,18,1,0,192
v1,4,1790970916136503,10728d70e0641a69:0x1159e5,0,1,0,4,1,6,0,8,0,69,5904,0,17,1245,33,2,0,521
v1,5,1790970916148934,10728d70e0641a69:0x6cd2,0,1,0,5,1,8,6,3,0,82,739,0,19,152,6,2,0,90
v1,6,1790970916169016,10728d70e0641a69:0x115a2d,0,1,0,6,1,11,10207,4129,0,141,5904,0,32,1245,33,2,0,521
v1,7,1790970916235829,10728d70e0641a69:0xa81f9,0,0,0,7,1,5,3,0,0,265,1920,3,58,379,18,1,0,192
v1,8,1790970916239995,10728d70e0641a69:0xa8240,0,0,0,8,1,5,3,0,0,336,1920,3,72,379,18,1,0,192
v1,9,1790970916244282,10728d70e0641a69:0xa828b,0,0,0,9,1,5,3,0,0,411,1920,3,87,379,18,1,0,192
v1,10,1790970916248312,10728d70e0641a69:0xa82d2,0,0,0,10,1,5,3,0,0,482,1920,3,101,379,18,1,0,192
v1,11,1790970916252895,10728d70e0641a69:0xa831e,0,0,0,11,1,5,3,0,0,558,1920,3,117,379,18,1,0,192
v1,12,1790970916256992,10728d70e0641a69:0xa8362,0,0,0,12,1,5,3,0,0,626,1920,3,130,379,18,1,0,192
v1,13,1790970916261299,10728d70e0641a69:0xa83af,0,0,0,13,1,5,3,0,0,703,1920,3,145,379,18,1,0,192
v1,14,1790970916265125,10728d70e0641a69:0xa83f8,0,0,0,14,1,5,3,0,0,776,1920,3,159,379,18,1,0,192
v1,15,1790970916270639,10728d70e0641a69:0xa856e,1,1,0,15,4,5,4,3,0,1150,1920,3,228,379,18,1,0,192
v1,16,1790970916357230,10728d70e0641a69:0xa86d8,1,1,1,16,1,0,0,2,0,1512,1920,3,298,379,18,1,0,192
v1,17,1790970916365232,10728d70e0641a69:0xa875f,1,0,1,17,1,0,0,2,0,1647,1920,3,323,379,18,1,0,192
v1,18,1790970916369392,10728d70e0641a69:0xa877c,1,0,1,18,1,0,0,2,0,1676,1920,3,330,379,18,1,0,192
v1,19,1790970916372594,10728d70e0641a69:0xa8783,1,0,1,19,1,0,0,2,0,1683,1920,3,332,379,18,1,0,192
v1,20,1790970916379672,10728d70e0641a69:0xa85ea,1,1,1,20,4,6,5,5,0,1274,1920,3,251,379,18,1,0,192
v1,21,1790970916392504,10728d70e0641a69:0x3e5dd,1,1,1,21,4,5,4,4,0,109,3568,0,25,706,55,2,0,362
v1,22,1790970916414334,10728d70e0641a69:0x290c3,1,0,1,22,1,2,3,3,0,67,2532,0,14,515,25,2,0,266
v1,23,1790970916421179,10728d70e0641a69:0x2910c,1,0,1,23,1,2,3,3,0,140,2532,0,28,515,25,2,0,266
v1,24,1790970916431960,10728d70e0641a69:0x2919f,1,0,1,24,1,2,3,3,0,287,2532,0,58,515,25,2,0,266
v1,25,1790970916438895,10728d70e0641a69:0x291e6,1,0,1,25,1,2,3,3,0,358,2532,0,72,515,25,2,0,266
v1,26,1790970916450973,10728d70e0641a69:0x29277,1,0,1,26,1,2,3,3,0,503,2532,0,100,515,25,2,0,266
v1,27,1790970916458730,10728d70e0641a69:0x292be,1,0,1,27,1,2,3,3,0,574,2532,0,114,515,25,2,0,266
v1,28,1790970916470358,10728d70e0641a69:0x2934c,1,0,1,28,1,2,3,3,0,716,2532,0,142,515,25,2,0,266
v1,29,1790970916478096,10728d70e0641a69:0x29394,1,0,1,29,1,2,3,3,0,788,2532,0,156,515,25,2,0,266
v1,1,1790970922409501,10728d70e0641a69:0x7b7dc,0,0,0,1,1,5,0,2,0,204,534,1,61,141,27,3,0,60
v1,2,1790970922580913,10728d70e0641a69:0x8eccc,0,1,0,2,8,6,3,0,0,1132,836,0,0,218,38,13,19,35
v1,3,1790970922605283,10728d70e0641a69:0xa817c,0,0,0,3,4,7,4,0,0,140,1920,3,32,379,18,1,0,192
v1,4,1790970922644951,10728d70e0641a69:0x1159e5,0,1,0,4,1,7,0,8,0,69,5904,0,17,1245,33,2,0,521
v1,5,1790970922657008,10728d70e0641a69:0x6cd2,0,1,0,5,1,9,6,3,0,82,739,0,19,152,6,2,0,90
v1,6,1790970922674705,10728d70e0641a69:0x115a2d,0,1,0,6,1,12,10207,4129,0,141,5904,0,32,1245,33,2,0,521
v1,7,1790970922736531,10728d70e0641a69:0xa81f9,0,0,0,7,1,6,3,0,0,265,1920,3,58,379,18,1,0,192
v1,8,1790970922740530,10728d70e0641a69:0xa8240,0,0,0,8,1,6,3,0,0,336,1920,3,72,379,18,1,0,192
v1,9,1790970922744694,10728d70e0641a69:0xa828b,0,0,0,9,1,6,3,0,0,411,1920,3,87,379,18,1,0,192
v1,10,1790970922748660,10728d70e0641a69:0xa82d2,0,0,0,10,1,6,3,0,0,482,1920,3,101,379,18,1,0,192
v1,11,1790970922753299,10728d70e0641a69:0xa831e,0,0,0,11,1,6,3,0,0,558,1920,3,117,379,18,1,0,192
v1,12,1790970922757197,10728d70e0641a69:0xa8362,0,0,0,12,1,6,3,0,0,626,1920,3,130,379,18,1,0,192
v1,13,1790970922761655,10728d70e0641a69:0xa83af,0,0,0,13,1,6,3,0,0,703,1920,3,145,379,18,1,0,192
v1,14,1790970922765634,10728d70e0641a69:0xa83f8,0,0,0,14,1,6,3,0,0,776,1920,3,159,379,18,1,0,192
v1,15,1790970922770883,10728d70e0641a69:0xa856e,0,0,0,15,4,6,4,3,0,1150,1920,3,228,379,18,1,0,192
v1,16,1790970922777902,10728d70e0641a69:0xa85ea,0,1,0,16,4,7,5,5,0,1274,1920,3,251,379,18,1,0,192
v1,17,1790970922788208,10728d70e0641a69:0x3e5dd,0,0,0,17,4,6,4,4,0,109,3568,0,25,706,55,2,0,362
v1,18,1790970922795938,10728d70e0641a69:0x3e6a2,0,0,0,18,4,5,3,2,0,306,3568,0,63,706,55,2,0,362
v1,19,1790970922799755,10728d70e0641a69:0x3e6e6,0,0,0,19,4,4,2,2,0,374,3568,0,75,706,55,2,0,362
v1,20,1790970922824583,10728d70e0641a69:0x3e730,0,1,0,20,1,4,0,4,0,448,3568,0,90,706,55,2,0,362
v1,21,1790970922826022,10728d70e0641a69:0x3e9ce,1,1,0,21,4,4,3,3,0,1118,3568,0,221,706,55,2,0,362
v1,22,1790970922898543,10728d70e0641a69:0x290c3,1,0,1,22,1,3,4,4,0,67,2532,0,14,515,25,2,0,266
v1,23,1790970922905377,10728d70e0641a69:0x2910c,1,0,1,23,1,3,4,4,0,140,2532,0,28,515,25,2,0,266
v1,24,1790970922916187,10728d70e0641a69:0x2919f,1,0,1,24,1,3,4,4,0,287,2532,0,58,515,25,2,0,266
v1,25,1790970922923186,10728d70e0641a69:0x291e6,1,0,1,25,1,3,4,4,0,358,2532,0,72,515,25,2,0,266
v1,26,1790970922933951,10728d70e0641a69:0x29277,1,0,1,26,1,3,4,4,0,503,2532,0,100,515,25,2,0,266
v1,27,1790970922941013,10728d70e0641a69:0x292be,1,0,1,27,1,3,4,4,0,574,2532,0,114,515,25,2,0,266
v1,28,1790970922951700,10728d70e0641a69:0x2934c,1,0,1,28,1,3,4,4,0,716,2532,0,142,515,25,2,0,266
v1,29,1790970922958735,10728d70e0641a69:0x29394,1,0,1,29,1,3,4,4,0,788,2532,0,156,515,25,2,0,266
v1,1,1790970928582214,10728d70e0641a69:0x7b7dc,0,0,0,1,1,6,0,2,0,204,534,1,61,141,27,3,0,60
v1,2,1790970928755561,10728d70e0641a69:0x8eccc,0,1,0,2,8,7,3,0,0,1132,836,0,0,218,38,13,19,35
v1,3,1790970928779726,10728d70e0641a69:0xa817c,0,0,0,3,4,8,4,0,0,140,1920,3,32,379,18,1,0,192
v1,4,1790970928816280,10728d70e0641a69:0x1159e5,0,1,0,4,1,8,0,8,0,69,5904,0,17,1245,33,2,0,521
v1,5,1790970928826187,10728d70e0641a69:0x6cd2,0,1,0,5,1,10,6,3,0,82,739,0,19,152,6,2,0,90
v1,6,1790970928842701,10728d70e0641a69:0x115a2d,0,1,0,6,1,13,10207,4129,0,141,5904,0,32,1245,33,2,0,521
v1,7,1790970928901854,10728d70e0641a69:0xa81f9,0,0,0,7,1,7,3,0,0,265,1920,3,58,379,18,1,0,192
v1,8,1790970928905628,10728d70e0641a69:0xa8240,0,0,0,8,1,7,3,0,0,336,1920,3,72,379,18,1,0,192
v1,9,1790970928909631,10728d70e0641a69:0xa828b,0,0,0,9,1,7,3,0,0,411,1920,3,87,379,18,1,0,192
v1,10,1790970928913376,10728d70e0641a69:0xa82d2,0,0,0,10,1,7,3,0,0,482,1920,3,101,379,18,1,0,192
v1,11,1790970928917761,10728d70e0641a69:0xa831e,0,0,0,11,1,7,3,0,0,558,1920,3,117,379,18,1,0,192
v1,12,1790970928921498,10728d70e0641a69:0xa8362,0,0,0,12,1,7,3,0,0,626,1920,3,130,379,18,1,0,192
v1,13,1790970928925643,10728d70e0641a69:0xa83af,0,0,0,13,1,7,3,0,0,703,1920,3,145,379,18,1,0,192
v1,14,1790970928929357,10728d70e0641a69:0xa83f8,0,0,0,14,1,7,3,0,0,776,1920,3,159,379,18,1,0,192
v1,15,1790970928934227,10728d70e0641a69:0xa856e,0,0,0,15,4,7,4,3,0,1150,1920,3,228,379,18,1,0,192
v1,16,1790970928940688,10728d70e0641a69:0xa85ea,0,0,0,16,4,8,5,5,0,1274,1920,3,251,379,18,1,0,192
v1,17,1790970928956914,10728d70e0641a69:0x3078c,1,1,0,17,4,0,1,1,0,236,4192,1,44,802,53,2,0,466
v1,18,1790970929008650,10728d70e0641a69:0x290c3,1,0,1,18,1,4,5,5,0,67,2532,0,14,515,25,2,0,266
v1,19,1790970929015265,10728d70e0641a69:0x2910c,1,0,1,19,1,4,5,5,0,140,2532,0,28,515,25,2,0,266
v1,20,1790970929025851,10728d70e0641a69:0x2919f,1,0,1,20,1,4,5,5,0,287,2532,0,58,515,25,2,0,266
v1,21,1790970929032500,10728d70e0641a69:0x291e6,1,0,1,21,1,4,5,5,0,358,2532,0,72,515,25,2,0,266
v1,22,1790970929042939,10728d70e0641a69:0x29277,1,0,1,22,1,4,5,5,0,503,2532,0,100,515,25,2,0,266
v1,23,1790970929049712,10728d70e0641a69:0x292be,1,0,1,23,1,4,5,5,0,574,2532,0,114,515,25,2,0,266
v1,24,1790970929060132,10728d70e0641a69:0x2934c,1,0,1,24,1,4,5,5,0,716,2532,0,142,515,25,2,0,266
v1,25,1790970929067192,10728d70e0641a69:0x29394,1,0,1,25,1,4,5,5,0,788,2532,0,156,515,25,2,0,266
v1,26,1790970929136415,10728d70e0641a69:0x30a82,1,0,1,26,1,0,1,1,0,994,4192,1,189,802,53,2,0,466
v1,27,1790970929439576,10728d70e0641a69:0x3e5dd,1,0,1,27,4,7,5,5,0,109,3568,0,25,706,55,2,0,362
v1,28,1790970929454096,10728d70e0641a69:0x3e6a2,1,1,1,28,4,6,4,3,0,306,3568,0,63,706,55,2,0,362
v1,29,1790970929471143,10728d70e0641a69:0xaa573,1,1,1,29,4,1,2,2,0,163,1680,0,35,337,13,1,0,188
v1,30,1790970929489182,10728d70e0641a69:0x290c3,1,0,1,30,1,5,6,6,0,67,2532,0,14,515,25,2,0,266
v1,31,1790970929494182,10728d70e0641a69:0x2910c,1,0,1,31,1,5,6,6,0,140,2532,0,28,515,25,2,0,266
v1,32,1790970929499436,10728d70e0641a69:0x2919f,1,0,1,32,1,5,6,6,0,287,2532,0,58,515,25,2,0,266
v1,33,1790970929504528,10728d70e0641a69:0x291e6,1,0,1,33,1,5,6,6,0,358,2532,0,72,515,25,2,0,266
v1,34,1790970929509546,10728d70e0641a69:0x29277,1,0,1,34,1,5,6,6,0,503,2532,0,100,515,25,2,0,266
v1,35,1790970929514753,10728d70e0641a69:0x292be,1,0,1,35,1,5,6,6,0,574,2532,0,114,515,25,2,0,266
v1,36,1790970929520341,10728d70e0641a69:0x2934c,1,0,1,36,1,5,6,6,0,716,2532,0,142,515,25,2,0,266
v1,37,1790970929525535,10728d70e0641a69:0x29394,1,0,1,37,1,5,6,6,0,788,2532,0,156,515,25,2,0,266
v1,1,1790970934555797,10728d70e0641a69:0x7b7dc,0,0,0,1,1,7,0,2,0,204,534,1,61,141,27,3,0,60
v1,2,1790970934695084,10728d70e0641a69:0x8eccc,0,1,0,2,8,8,3,0,0,1132,836,0,0,218,38,13,19,35
v1,3,1790970934719460,10728d70e0641a69:0xa817c,0,0,0,3,4,9,4,0,0,140,1920,3,32,379,18,1,0,192
v1,4,1790970934756209,10728d70e0641a69:0x1159e5,0,1,0,4,1,9,0,8,0,69,5904,0,17,1245,33,2,0,521
v1,5,1790970934766230,10728d70e0641a69:0x6cd2,0,0,0,5,1,11,6,3,0,82,739,0,19,152,6,2,0,90
v1,6,1790970934788269,10728d70e0641a69:0x115a2d,0,1,0,6,1,14,10207,4129,0,141,5904,0,32,1245,33,2,0,521
v1,7,1790970934849206,10728d70e0641a69:0xa81f9,0,0,0,7,1,8,3,0,0,265,1920,3,58,379,18,1,0,192
v1,8,1790970934853160,10728d70e0641a69:0xa8240,0,0,0,8,1,8,3,0,0,336,1920,3,72,379,18,1,0,192
v1,9,1790970934857211,10728d70e0641a69:0xa828b,0,0,0,9,1,8,3,0,0,411,1920,3,87,379,18,1,0,192
v1,10,1790970934861111,10728d70e0641a69:0xa82d2,0,0,0,10,1,8,3,0,0,482,1920,3,101,379,18,1,0,192
v1,11,1790970934865589,10728d70e0641a69:0xa831e,0,0,0,11,1,8,3,0,0,558,1920,3,117,379,18,1,0,192
v1,12,1790970934869373,10728d70e0641a69:0xa8362,0,0,0,12,1,8,3,0,0,626,1920,3,130,379,18,1,0,192
v1,13,1790970934873647,10728d70e0641a69:0xa83af,0,0,0,13,1,8,3,0,0,703,1920,3,145,379,18,1,0,192
v1,14,1790970934877484,10728d70e0641a69:0xa83f8,0,0,0,14,1,8,3,0,0,776,1920,3,159,379,18,1,0,192
v1,15,1790970934882558,10728d70e0641a69:0xa856e,0,0,0,15,4,8,4,3,0,1150,1920,3,228,379,18,1,0,192
v1,16,1790970934889238,10728d70e0641a69:0xa85ea,0,1,0,16,4,9,5,5,0,1274,1920,3,251,379,18,1,0,192
v1,17,1790970934899229,10728d70e0641a69:0x3e5dd,0,0,0,17,4,8,5,5,0,109,3568,0,25,706,55,2,0,362
v1,18,1790970934906608,10728d70e0641a69:0x3e6a2,0,0,0,18,4,7,4,3,0,306,3568,0,63,706,55,2,0,362
v1,19,1790970934910185,10728d70e0641a69:0x3e6e6,0,0,0,19,4,5,2,2,0,374,3568,0,75,706,55,2,0,362
v1,20,1790970934933946,10728d70e0641a69:0x3e730,0,1,0,20,1,5,0,4,0,448,3568,0,90,706,55,2,0,362
v1,21,1790970934934961,10728d70e0641a69:0x3e9ce,0,0,0,21,4,5,3,3,0,1118,3568,0,221,706,55,2,0,362
v1,22,1790970934938526,10728d70e0641a69:0x3ea12,0,0,0,22,4,4,2,2,0,1186,3568,0,233,706,55,2,0,362
v1,23,1790970934941907,10728d70e0641a69:0x3ea56,0,0,0,23,4,4,2,0,0,1254,3568,0,245,706,55,2,0,362
v1,24,1790970934945438,10728d70e0641a69:0x3ea9a,0,0,0,24,4,4,2,0,0,1322,3568,0,257,706,55,2,0,362
v1,25,1790970934949050,10728d70e0641a69:0x3eade,0,0,0,25,4,4,2,0,0,1390,3568,0,269,706,55,2,0,362
v1,26,1790970934952621,10728d70e0641a69:0x3eb22,0,1,0,26,4,4,2,0,0,1458,3568,0,281,706,55,2,0,362
v1,27,1790970934976722,10728d70e0641a69:0x290c3,1,0,0,27,1,6,7,7,0,67,2532,0,14,515,25,2,0,266
v1,28,1790970935011443,10728d70e0641a69:0x2910c,1,0,1,28,1,6,7,7,0,140,2532,0,28,515,25,2,0,266
v1,29,1790970935022219,10728d70e0641a69:0x2919f,1,0,1,29,1,6,7,7,0,287,2532,0,58,515,25,2,0,266
v1,30,1790970935029136,10728d70e0641a69:0x291e6,1,0,1,30,1,6,7,7,0,358,2532,0,72,515,25,2,0,266
v1,31,1790970935040204,10728d70e0641a69:0x29277,1,0,1,31,1,6,7,7,0,503,2532,0,100,515,25,2,0,266
v1,32,1790970935047449,10728d70e0641a69:0x292be,1,0,1,32,1,6,7,7,0,574,2532,0,114,515,25,2,0,266
v1,33,1790970935058230,10728d70e0641a69:0x2934c,1,0,1,33,1,6,7,7,0,716,2532,0,142,515,25,2,0,266
v1,34,1790970935066054,10728d70e0641a69:0x29394,1,0,1,34,1,6,7,7,0,788,2532,0,156,515,25,2,0,266
v1,1,1790970940505898,10728d70e0641a69:0x7b7dc,0,0,0,1,1,8,0,2,0,204,534,1,61,141,27,3,0,60
v1,2,1790970940663090,10728d70e0641a69:0x8eccc,0,1,0,2,8,9,3,0,0,1132,836,0,0,218,38,13,19,35
v1,3,1790970940687126,10728d70e0641a69:0xa817c,0,0,0,3,4,10,4,0,0,140,1920,3,32,379,18,1,0,192
v1,4,1790970940722663,10728d70e0641a69:0x1159e5,0,1,0,4,1,10,0,8,0,69,5904,0,17,1245,33,2,0,521
v1,5,1790970940732423,10728d70e0641a69:0x6cd2,0,1,0,5,1,12,6,3,0,82,739,0,19,152,6,2,0,90
v1,6,1790970940748804,10728d70e0641a69:0x115a2d,0,1,0,6,1,15,10207,4129,0,141,5904,0,32,1245,33,2,0,521
v1,7,1790970940808632,10728d70e0641a69:0xa81f9,0,0,0,7,1,9,3,0,0,265,1920,3,58,379,18,1,0,192
v1,8,1790970940812460,10728d70e0641a69:0xa8240,0,0,0,8,1,9,3,0,0,336,1920,3,72,379,18,1,0,192
v1,9,1790970940816397,10728d70e0641a69:0xa828b,0,0,0,9,1,9,3,0,0,411,1920,3,87,379,18,1,0,192
v1,10,1790970940820138,10728d70e0641a69:0xa82d2,0,0,0,10,1,9,3,0,0,482,1920,3,101,379,18,1,0,192
v1,11,1790970940824475,10728d70e0641a69:0xa831e,0,0,0,11,1,9,3,0,0,558,1920,3,117,379,18,1,0,192
v1,12,1790970940828193,10728d70e0641a69:0xa8362,0,0,0,12,1,9,3,0,0,626,1920,3,130,379,18,1,0,192
v1,13,1790970940832373,10728d70e0641a69:0xa83af,0,0,0,13,1,9,3,0,0,703,1920,3,145,379,18,1,0,192
v1,14,1790970940836636,10728d70e0641a69:0xa83f8,1,1,0,14,1,9,4,1,0,776,1920,3,159,379,18,1,0,192
v1,15,1790970940892364,10728d70e0641a69:0x290c3,1,1,1,15,1,7,8,8,0,67,2532,0,14,515,25,2,0,266
v1,16,1790970940904817,10728d70e0641a69:0x2919f,1,0,46,16,1,7,8,8,0,287,2532,0,58,515,25,2,0,266
v1,17,1790970940911164,10728d70e0641a69:0x291e6,1,0,1,17,1,7,8,8,0,358,2532,0,72,515,25,2,0,266
v1,18,1790970940921671,10728d70e0641a69:0x29277,1,0,1,18,1,7,8,8,0,503,2532,0,100,515,25,2,0,266
v1,19,1790970940928498,10728d70e0641a69:0x292be,1,0,1,19,1,7,8,8,0,574,2532,0,114,515,25,2,0,266
v1,20,1790970940938810,10728d70e0641a69:0x2934c,1,0,1,20,1,7,8,8,0,716,2532,0,142,515,25,2,0,266
v1,21,1790970940945505,10728d70e0641a69:0x29394,1,0,1,21,1,7,8,8,0,788,2532,0,156,515,25,2,0,266
v1,1,1790970947768938,10728d70e0641a69:0x7b7dc,0,0,0,1,1,9,0,2,0,204,534,1,61,141,27,3,0,60
v1,2,1790970948035366,10728d70e0641a69:0x8eccc,0,1,0,2,8,10,3,0,0,1132,836,0,0,218,38,13,19,35
v1,3,1790970948060586,10728d70e0641a69:0xa817c,0,0,0,3,4,11,4,0,0,140,1920,3,32,379,18,1,0,192
v1,4,1790970948100632,10728d70e0641a69:0x1159e5,0,1,0,4,1,11,0,8,0,69,5904,0,17,1245,33,2,0,521
v1,5,1790970948111200,10728d70e0641a69:0x6cd2,0,1,0,5,1,13,6,3,0,82,739,0,19,152,6,2,0,90
v1,6,1790970948128447,10728d70e0641a69:0x115a2d,0,1,0,6,1,16,10207,4129,0,141,5904,0,32,1245,33,2,0,521
v1,7,1790970948189350,10728d70e0641a69:0xa81f9,0,0,0,7,1,10,3,0,0,265,1920,3,58,379,18,1,0,192
v1,8,1790970948193162,10728d70e0641a69:0xa8240,0,0,0,8,1,10,3,0,0,336,1920,3,72,379,18,1,0,192
v1,9,1790970948197172,10728d70e0641a69:0xa828b,0,0,0,9,1,10,3,0,0,411,1920,3,87,379,18,1,0,192
v1,10,1790970948200990,10728d70e0641a69:0xa82d2,0,0,0,10,1,10,3,0,0,482,1920,3,101,379,18,1,0,192
v1,11,1790970948205502,10728d70e0641a69:0xa831e,0,0,0,11,1,10,3,0,0,558,1920,3,117,379,18,1,0,192
v1,12,1790970948209458,10728d70e0641a69:0xa8362,0,0,0,12,1,10,3,0,0,626,1920,3,130,379,18,1,0,192
v1,13,1790970948213793,10728d70e0641a69:0xa83af,0,0,0,13,1,10,3,0,0,703,1920,3,145,379,18,1,0,192
v1,14,1790970948217615,10728d70e0641a69:0xa83f8,0,0,0,14,1,10,4,1,0,776,1920,3,159,379,18,1,0,192
v1,15,1790970948222578,10728d70e0641a69:0xa856e,0,0,0,15,4,9,4,3,0,1150,1920,3,228,379,18,1,0,192
v1,16,1790970948229264,10728d70e0641a69:0xa85ea,0,1,0,16,4,10,5,5,0,1274,1920,3,251,379,18,1,0,192
v1,17,1790970948239312,10728d70e0641a69:0x3e5dd,0,0,0,17,4,9,5,5,0,109,3568,0,25,706,55,2,0,362
v1,18,1790970948246507,10728d70e0641a69:0x3e6a2,0,1,0,18,4,8,4,3,0,306,3568,0,63,706,55,2,0,362
v1,19,1790970948257809,10728d70e0641a69:0xaa573,1,1,0,19,4,2,3,3,0,163,1680,0,35,337,13,1,0,188
v1,20,1790970948362199,10728d70e0641a69:0x290c3,0,0,1,20,1,8,8,10,0,67,2532,0,14,515,25,2,0,266
v1,21,1790970948366069,10728d70e0641a69:0x2910c,0,0,1,21,1,7,7,7,0,140,2532,0,28,515,25,2,0,266
v1,22,1790970948373660,10728d70e0641a69:0x2919f,0,0,1,22,1,8,8,8,0,287,2532,0,58,515,25,2,0,266
v1,23,1790970948377597,10728d70e0641a69:0x291e6,0,0,1,23,1,8,8,8,0,358,2532,0,72,515,25,2,0,266
v1,24,1790970948385224,10728d70e0641a69:0x29277,0,0,1,24,1,8,8,8,0,503,2532,0,100,515,25,2,0,266
v1,25,1790970948389015,10728d70e0641a69:0x292be,0,0,1,25,1,8,8,8,0,574,2532,0,114,515,25,2,0,266
v1,26,1790970948396314,10728d70e0641a69:0x2934c,0,0,1,26,1,8,8,8,0,716,2532,0,142,515,25,2,0,266
v1,27,1790970948400027,10728d70e0641a69:0x29394,0,0,1,27,1,8,8,8,0,788,2532,0,156,515,25,2,0,266
v1,1,1790970954331273,10728d70e0641a69:0x7b7dc,0,0,0,1,1,10,0,2,0,204,534,1,61,141,27,3,0,60
v1,2,1790970954524240,10728d70e0641a69:0x8eccc,0,1,0,2,8,11,3,0,0,1132,836,0,0,218,38,13,19,35
v1,3,1790970954550786,10728d70e0641a69:0xa817c,0,0,0,3,4,12,4,0,0,140,1920,3,32,379,18,1,0,192
v1,4,1790970954591880,10728d70e0641a69:0x1159e5,0,1,0,4,1,12,0,8,0,69,5904,0,17,1245,33,2,0,521
v1,5,1790970954603204,10728d70e0641a69:0x6cd2,0,1,0,5,1,14,6,3,0,82,739,0,19,152,6,2,0,90
v1,6,1790970954621292,10728d70e0641a69:0x115a2d,0,1,0,6,1,17,10207,4129,0,141,5904,0,32,1245,33,2,0,521
v1,7,1790970954687709,10728d70e0641a69:0xa81f9,0,0,0,7,1,11,3,0,0,265,1920,3,58,379,18,1,0,192
v1,8,1790970954691829,10728d70e0641a69:0xa8240,0,0,0,8,1,11,3,0,0,336,1920,3,72,379,18,1,0,192
v1,9,1790970954696062,10728d70e0641a69:0xa828b,0,0,0,9,1,11,3,0,0,411,1920,3,87,379,18,1,0,192
v1,10,1790970954700301,10728d70e0641a69:0xa82d2,0,0,0,10,1,11,3,0,0,482,1920,3,101,379,18,1,0,192
v1,11,1790970954705154,10728d70e0641a69:0xa831e,0,0,0,11,1,11,3,0,0,558,1920,3,117,379,18,1,0,192
v1,12,1790970954709145,10728d70e0641a69:0xa8362,0,0,0,12,1,11,3,0,0,626,1920,3,130,379,18,1,0,192
v1,13,1790970954713503,10728d70e0641a69:0xa83af,0,0,0,13,1,11,3,0,0,703,1920,3,145,379,18,1,0,192
v1,14,1790970954717675,10728d70e0641a69:0xa83f8,0,0,0,14,1,11,4,1,0,776,1920,3,159,379,18,1,0,192
v1,15,1790970954722951,10728d70e0641a69:0xa856e,0,0,0,15,4,10,4,3,0,1150,1920,3,228,379,18,1,0,192
v1,16,1790970954730008,10728d70e0641a69:0xa85ea,0,1,0,16,4,11,5,5,0,1274,1920,3,251,379,18,1,0,192
v1,17,1790970954740718,10728d70e0641a69:0x3e5dd,0,0,0,17,4,10,5,5,0,109,3568,0,25,706,55,2,0,362
v1,18,1790970954748565,10728d70e0641a69:0x3e6a2,0,1,0,18,4,9,4,3,0,306,3568,0,63,706,55,2,0,362
v1,19,1790970954759957,10728d70e0641a69:0xaa573,0,0,0,19,4,3,3,3,0,163,1680,0,35,337,13,1,0,188
v1,20,1790970954766079,10728d70e0641a69:0x6cd2,0,1,0,20,1,15,6,3,0,82,739,0,19,152,6,2,0,90
v1,21,1790970954766287,10728d70e0641a69:0x115a2d,0,1,0,21,1,18,10207,4129,0,141,5904,0,32,1245,33,2,0,521
v1,22,1790970954804032,10728d70e0641a69:0xa6db7,0,1,0,22,1,3,3,3,0,87,1168,0,17,222,9,1,0,129
v1,23,1790970954813814,10728d70e0641a69:0xa6ec6,1,0,0,23,5,3,4,4,0,358,1168,0,70,222,9,1,0,129
v1,24,1790970954873364,10728d70e0641a69:0xa6f12,1,0,1,24,1,0,1,1,0,434,1168,0,83,222,9,1,0,129
v1,25,1790970954907154,10728d70e0641a69:0x290c3,1,0,1,25,1,9,9,11,0,67,2532,0,14,515,25,2,0,266
v1,26,1790970954914864,10728d70e0641a69:0x2910c,1,0,1,26,1,8,8,8,0,140,2532,0,28,515,25,2,0,266
v1,27,1790970954928458,10728d70e0641a69:0x2919f,1,0,1,27,1,9,9,9,0,287,2532,0,58,515,25,2,0,266
v1,28,1790970954935907,10728d70e0641a69:0x291e6,1,0,1,28,1,9,9,9,0,358,2532,0,72,515,25,2,0,266
v1,29,1790970954948921,10728d70e0641a69:0x29277,1,0,1,29,1,9,9,9,0,503,2532,0,100,515,25,2,0,266
v1,30,1790970954956662,10728d70e0641a69:0x292be,1,0,1,30,1,9,9,9,0,574,2532,0,114,515,25,2,0,266
v1,31,1790970954970308,10728d70e0641a69:0x2934c,1,0,1,31,1,9,9,9,0,716,2532,0,142,515,25,2,0,266
v1,32,1790970954978985,10728d70e0641a69:0x29394,1,0,1,32,1,9,9,9,0,788,2532,0,156,515,25,2,0,266
v1,1,1790970961106216,10728d70e0641a69:0x7b7dc,0,0,0,1,1,11,0,2,0,204,534,1,61,141,27,3,0,60
v1,2,1790970961315591,10728d70e0641a69:0x8eccc,0,1,0,2,8,12,3,0,0,1132,836,0,0,218,38,13,19,35
v1,3,1790970961341559,10728d70e0641a69:0xa817c,0,0,0,3,4,13,4,0,0,140,1920,3,32,379,18,1,0,192
v1,4,1790970961379311,10728d70e0641a69:0x1159e5,0,1,0,4,1,13,0,8,0,69,5904,0,17,1245,33,2,0,521
v1,5,1790970961390225,10728d70e0641a69:0x6cd2,0,0,0,5,1,16,6,3,0,82,739,0,19,152,6,2,0,90
v1,6,1790970961413765,10728d70e0641a69:0x115a2d,0,1,0,6,1,19,10207,4129,0,141,5904,0,32,1245,33,2,0,521
v1,7,1790970961480364,10728d70e0641a69:0xa81f9,0,0,0,7,1,12,3,0,0,265,1920,3,58,379,18,1,0,192
v1,8,1790970961484606,10728d70e0641a69:0xa8240,0,0,0,8,1,12,3,0,0,336,1920,3,72,379,18,1,0,192
v1,9,1790970961489060,10728d70e0641a69:0xa828b,0,0,0,9,1,12,3,0,0,411,1920,3,87,379,18,1,0,192
v1,10,1790970961493208,10728d70e0641a69:0xa82d2,0,0,0,10,1,12,3,0,0,482,1920,3,101,379,18,1,0,192
v1,11,1790970961498015,10728d70e0641a69:0xa831e,0,0,0,11,1,12,3,0,0,558,1920,3,117,379,18,1,0,192
v1,12,1790970961502052,10728d70e0641a69:0xa8362,0,0,0,12,1,12,3,0,0,626,1920,3,130,379,18,1,0,192
v1,13,1790970961506908,10728d70e0641a69:0xa83af,0,0,0,13,1,12,3,0,0,703,1920,3,145,379,18,1,0,192
v1,14,1790970961510858,10728d70e0641a69:0xa83f8,0,0,0,14,1,12,4,1,0,776,1920,3,159,379,18,1,0,192
v1,15,1790970961515927,10728d70e0641a69:0xa856e,0,0,0,15,4,11,4,3,0,1150,1920,3,228,379,18,1,0,192
v1,16,1790970961522809,10728d70e0641a69:0xa85ea,0,1,0,16,4,12,5,5,0,1274,1920,3,251,379,18,1,0,192
v1,17,1790970961533330,10728d70e0641a69:0x3e5dd,0,0,0,17,4,11,5,5,0,109,3568,0,25,706,55,2,0,362
v1,18,1790970961541867,10728d70e0641a69:0x3e6a2,0,0,0,18,4,10,4,3,0,306,3568,0,63,706,55,2,0,362
v1,19,1790970961548664,10728d70e0641a69:0x3e6e6,0,0,0,19,4,6,2,2,0,374,3568,0,75,706,55,2,0,362
v1,20,1790970961575930,10728d70e0641a69:0x3e730,0,1,0,20,1,6,0,4,0,448,3568,0,90,706,55,2,0,362
v1,21,1790970961576994,10728d70e0641a69:0x3e9ce,0,0,0,21,4,6,3,3,0,1118,3568,0,221,706,55,2,0,362
v1,22,1790970961580923,10728d70e0641a69:0x3ea12,0,0,0,22,4,5,2,2,0,1186,3568,0,233,706,55,2,0,362
v1,23,1790970961584574,10728d70e0641a69:0x3ea56,0,0,0,23,4,5,2,0,0,1254,3568,0,245,706,55,2,0,362
v1,24,1790970961588432,10728d70e0641a69:0x3ea9a,0,0,0,24,4,5,2,0,0,1322,3568,0,257,706,55,2,0,362
v1,25,1790970961592787,10728d70e0641a69:0x3eade,1,1,0,25,4,5,3,1,0,1390,3568,0,269,706,55,2,0,362
v1,26,1790970961679742,10728d70e0641a69:0x290c3,1,0,1,26,1,10,10,12,0,67,2532,0,14,515,25,2,0,266
v1,27,1790970961688774,10728d70e0641a69:0x2910c,1,0,1,27,1,9,9,9,0,140,2532,0,28,515,25,2,0,266
v1,28,1790970961701774,10728d70e0641a69:0x2919f,1,0,1,28,1,10,10,10,0,287,2532,0,58,515,25,2,0,266
v1,29,1790970961709626,10728d70e0641a69:0x291e6,1,0,1,29,1,10,10,10,0,358,2532,0,72,515,25,2,0,266
v1,30,1790970961722102,10728d70e0641a69:0x29277,1,0,1,30,1,10,10,10,0,503,2532,0,100,515,25,2,0,266
v1,31,1790970961730757,10728d70e0641a69:0x292be,1,0,1,31,1,10,10,10,0,574,2532,0,114,515,25,2,0,266
v1,32,1790970961742543,10728d70e0641a69:0x2934c,1,0,1,32,1,10,10,10,0,716,2532,0,142,515,25,2,0,266
v1,33,1790970961750750,10728d70e0641a69:0x29394,1,0,1,33,1,10,10,10,0,788,2532,0,156,515,25,2,0,266
v1,1,1790970967600891,10728d70e0641a69:0x7b7dc,0,0,0,1,1,12,0,2,0,204,534,1,61,141,27,3,0,60
v1,2,1790970967786348,10728d70e0641a69:0x8eccc,0,1,0,2,8,13,3,0,0,1132,836,0,0,218,38,13,19,35
v1,3,1790970967810868,10728d70e0641a69:0xa817c,0,0,0,3,4,14,4,0,0,140,1920,3,32,379,18,1,0,192
v1,4,1790970967847713,10728d70e0641a69:0x1159e5,0,1,0,4,1,14,0,8,0,69,5904,0,17,1245,33,2,0,521
v1,5,1790970967857644,10728d70e0641a69:0x6cd2,0,1,0,5,1,17,6,3,0,82,739,0,19,152,6,2,0,90
v1,6,1790970967874541,10728d70e0641a69:0x115a2d,0,1,0,6,1,20,10207,4129,0,141,5904,0,32,1245,33,2,0,521
v1,7,1790970967933883,10728d70e0641a69:0xa81f9,0,0,0,7,1,13,3,0,0,265,1920,3,58,379,18,1,0,192
v1,8,1790970967937662,10728d70e0641a69:0xa8240,0,0,0,8,1,13,3,0,0,336,1920,3,72,379,18,1,0,192
v1,9,1790970967941620,10728d70e0641a69:0xa828b,0,0,0,9,1,13,3,0,0,411,1920,3,87,379,18,1,0,192
v1,10,1790970967945408,10728d70e0641a69:0xa82d2,0,0,0,10,1,13,3,0,0,482,1920,3,101,379,18,1,0,192
v1,11,1790970967950159,10728d70e0641a69:0xa831e,0,0,0,11,1,13,3,0,0,558,1920,3,117,379,18,1,0,192
v1,12,1790970967954209,10728d70e0641a69:0xa8362,0,0,0,12,1,13,3,0,0,626,1920,3,130,379,18,1,0,192
v1,13,1790970967958494,10728d70e0641a69:0xa83af,0,0,0,13,1,13,3,0,0,703,1920,3,145,379,18,1,0,192
v1,14,1790970967962234,10728d70e0641a69:0xa83f8,0,0,0,14,1,13,4,1,0,776,1920,3,159,379,18,1,0,192
v1,15,1790970967967178,10728d70e0641a69:0xa856e,0,0,0,15,4,12,4,3,0,1150,1920,3,228,379,18,1,0,192
v1,16,1790970967973779,10728d70e0641a69:0xa85ea,0,1,0,16,4,13,5,5,0,1274,1920,3,251,379,18,1,0,192
v1,17,1790970967983473,10728d70e0641a69:0x3e5dd,0,0,0,17,4,12,5,5,0,109,3568,0,25,706,55,2,0,362
v1,18,1790970967990626,10728d70e0641a69:0x3e6a2,0,1,0,18,4,11,4,3,0,306,3568,0,63,706,55,2,0,362
v1,19,1790970968001464,10728d70e0641a69:0xaa573,0,0,0,19,4,4,3,3,0,163,1680,0,35,337,13,1,0,188
v1,20,1790970968007516,10728d70e0641a69:0x6cd2,0,1,0,20,1,18,6,3,0,82,739,0,19,152,6,2,0,90
v1,21,1790970968007712,10728d70e0641a69:0x115a2d,0,1,0,21,1,21,10207,4129,0,141,5904,0,32,1245,33,2,0,521
v1,22,1790970968043253,10728d70e0641a69:0xa6db7,0,1,0,22,1,4,3,3,0,87,1168,0,17,222,9,1,0,129
v1,23,1790970968052050,10728d70e0641a69:0xa6ec6,0,1,0,23,5,4,4,4,0,358,1168,0,70,222,9,1,0,129
v1,24,1790970968066106,10728d70e0641a69:0xaa60f,0,0,0,24,4,1,1,0,0,319,1680,0,71,337,13,1,0,188
v1,25,1790970968071989,10728d70e0641a69:0xaa680,0,0,0,25,4,1,1,0,0,432,1680,0,94,337,13,1,0,188
v1,26,1790970968078359,10728d70e0641a69:0xaa713,0,0,0,26,1,1,1,0,0,579,1680,0,120,337,13,1,0,188
v1,27,1790970968081847,10728d70e0641a69:0xaa758,0,0,0,27,1,1,1,0,0,648,1680,0,133,337,13,1,0,188
v1,28,1790970968085199,10728d70e0641a69:0xaa79c,0,0,0,28,1,1,1,0,0,716,1680,0,146,337,13,1,0,188
v1,29,1790970968092431,10728d70e0641a69:0xaa82b,0,1,0,29,1,1,1,0,0,859,1680,0,173,337,13,1,0,188
v1,30,1790970968143605,10728d70e0641a69:0xf247,0,0,0,30,4,1,1,0,0,87,3336,0,23,644,37,1,0,363
v1,31,1790970968154025,10728d70e0641a69:0xf30f,0,0,0,31,4,1,1,0,0,287,3336,0,60,644,37,1,0,363
v1,32,1790970968160735,10728d70e0641a69:0xf38b,0,0,0,32,4,1,1,0,0,411,3336,0,83,644,37,1,0,363
v1,33,1790970968173406,10728d70e0641a69:0xf483,1,1,0,33,4,1,2,1,0,659,3336,0,128,644,37,1,0,363
v1,34,1790970968282862,10728d70e0641a69:0x116af2,1,1,1,34,1,0,0,2,0,34,363,0,10,89,15,2,8,46
v1,35,1790970968542301,10728d70e0641a69:0xf500,1,0,1,35,1,1,2,1,0,784,3336,0,151,644,37,1,0,363
v1,36,1790970968573656,10728d70e0641a69:0xf5cf,1,0,1,36,1,1,2,1,0,991,3336,0,191,644,37,1,0,363
v1,37,1790970968584354,10728d70e0641a69:0xf613,1,1,1,37,1,1,2,1,0,1059,3336,0,204,644,37,1,0,363
v1,38,1790970968598569,10728d70e0641a69:0xf68f,1,1,1,38,1,1,2,1,0,1183,3336,0,227,644,37,1,0,363
v1,39,1790970968609234,10728d70e0641a69:0xf74c,1,0,1,39,1,1,2,2,0,1372,3336,0,263,644,37,1,0,363
v1,40,1790970968619974,10728d70e0641a69:0xf78f,1,0,1,40,1,1,2,2,0,1439,3336,0,276,644,37,1,0,363
v1,41,1790970968633190,10728d70e0641a69:0xf80c,1,1,1,41,1,1,2,1,0,1564,3336,0,299,644,37,1,0,363
v1,42,1790970968644626,10728d70e0641a69:0xf89a,1,1,1,42,1,1,2,1,0,1706,3336,0,328,644,37,1,0,363
v1,43,1790970968665617,10728d70e0641a69:0xf9a6,1,0,1,43,1,1,2,1,0,1974,3336,0,378,644,37,1,0,363
v1,44,1790970968680443,10728d70e0641a69:0x116af2,1,1,1,44,1,1,0,4,0,34,363,0,10,89,15,2,8,46
v1,1,1790970973988691,10728d70e0641a69:0x7b7dc,0,0,0,1,1,13,0,2,0,204,534,1,61,141,27,3,0,60
v1,2,1790970974152884,10728d70e0641a69:0x8eccc,0,1,0,2,8,14,3,0,0,1132,836,0,0,218,38,13,19,35
v1,3,1790970974177506,10728d70e0641a69:0xa817c,0,0,0,3,4,15,4,0,0,140,1920,3,32,379,18,1,0,192
v1,4,1790970974213577,10728d70e0641a69:0x1159e5,0,1,0,4,1,15,0,8,0,69,5904,0,17,1245,33,2,0,521
v1,5,1790970974223489,10728d70e0641a69:0x6cd2,0,1,0,5,1,19,6,3,0,82,739,0,19,152,6,2,0,90
v1,6,1790970974241159,10728d70e0641a69:0x115a2d,0,1,0,6,1,22,10207,4129,0,141,5904,0,32,1245,33,2,0,521
v1,7,1790970974301579,10728d70e0641a69:0xa81f9,0,0,0,7,1,14,3,0,0,265,1920,3,58,379,18,1,0,192
v1,8,1790970974305353,10728d70e0641a69:0xa8240,0,0,0,8,1,14,3,0,0,336,1920,3,72,379,18,1,0,192
v1,9,1790970974309323,10728d70e0641a69:0xa828b,0,0,0,9,1,14,3,0,0,411,1920,3,87,379,18,1,0,192
v1,10,1790970974313129,10728d70e0641a69:0xa82d2,0,0,0,10,1,14,3,0,0,482,1920,3,101,379,18,1,0,192
v1,11,1790970974317571,10728d70e0641a69:0xa831e,0,0,0,11,1,14,3,0,0,558,1920,3,117,379,18,1,0,192
v1,12,1790970974321325,10728d70e0641a69:0xa8362,0,0,0,12,1,14,3,0,0,626,1920,3,130,379,18,1,0,192
v1,13,1790970974325551,10728d70e0641a69:0xa83af,0,0,0,13,1,14,3,0,0,703,1920,3,145,379,18,1,0,192
v1,14,1790970974329335,10728d70e0641a69:0xa83f8,0,0,0,14,1,14,4,1,0,776,1920,3,159,379,18,1,0,192
v1,15,1790970974334337,10728d70e0641a69:0xa856e,0,0,0,15,4,13,4,3,0,1150,1920,3,228,379,18,1,0,192
v1,16,1790970974340976,10728d70e0641a69:0xa85ea,0,1,0,16,4,14,5,5,0,1274,1920,3,251,379,18,1,0,192
v1,17,1790970974350756,10728d70e0641a69:0x3e5dd,0,0,0,17,4,13,5,5,0,109,3568,0,25,706,55,2,0,362
v1,18,1790970974357882,10728d70e0641a69:0x3e6a2,0,1,0,18,4,12,4,3,0,306,3568,0,63,706,55,2,0,362
v1,19,1790970974368755,10728d70e0641a69:0xaa573,0,0,0,19,4,5,3,3,0,163,1680,0,35,337,13,1,0,188
v1,20,1790970974374727,10728d70e0641a69:0x6cd2,0,1,0,20,1,20,6,3,0,82,739,0,19,152,6,2,0,90
v1,21,1790970974374938,10728d70e0641a69:0x115a2d,0,1,0,21,1,23,10207,4129,0,141,5904,0,32,1245,33,2,0,521
v1,22,1790970974410822,10728d70e0641a69:0xa6db7,0,1,0,22,1,5,3,3,0,87,1168,0,17,222,9,1,0,129
v1,23,1790970974419562,10728d70e0641a69:0xa6ec6,0,1,0,23,5,5,4,4,0,358,1168,0,70,222,9,1,0,129
v1,24,1790970974433459,10728d70e0641a69:0xaa60f,0,0,0,24,4,2,1,0,0,319,1680,0,71,337,13,1,0,188
v1,25,1790970974439227,10728d70e0641a69:0xaa680,0,0,0,25,4,2,1,0,0,432,1680,0,94,337,13,1,0,188
v1,26,1790970974445564,10728d70e0641a69:0xaa713,0,0,0,26,1,2,1,0,0,579,1680,0,120,337,13,1,0,188
v1,27,1790970974449149,10728d70e0641a69:0xaa758,0,0,0,27,1,2,1,0,0,648,1680,0,133,337,13,1,0,188
v1,28,1790970974452705,10728d70e0641a69:0xaa79c,0,0,0,28,1,2,1,0,0,716,1680,0,146,337,13,1,0,188
v1,29,1790970974459846,10728d70e0641a69:0xaa82b,0,1,0,29,1,2,1,0,0,859,1680,0,173,337,13,1,0,188
v1,30,1790970974510139,10728d70e0641a69:0xf247,0,0,0,30,4,2,1,0,0,87,3336,0,23,644,37,1,0,363
v1,31,1790970974520226,10728d70e0641a69:0xf30f,0,0,0,31,4,2,1,0,0,287,3336,0,60,644,37,1,0,363
v1,32,1790970974526543,10728d70e0641a69:0xf38b,0,0,0,32,4,2,1,0,0,411,3336,0,83,644,37,1,0,363
v1,33,1790970974538894,10728d70e0641a69:0xf483,0,0,0,33,4,2,2,1,0,659,3336,0,128,644,37,1,0,363
v1,34,1790970974545135,10728d70e0641a69:0xf500,0,1,0,34,1,2,2,1,0,784,3336,0,151,644,37,1,0,363
v1,35,1790970974550559,10728d70e0641a69:0xf5cf,0,0,0,35,1,2,2,1,0,991,3336,0,191,644,37,1,0,363
v1,36,1790970974554194,10728d70e0641a69:0xf613,0,0,0,36,1,2,2,1,0,1059,3336,0,204,644,37,1,0,363
v1,37,1790970974560756,10728d70e0641a69:0xf68f,0,0,0,37,1,2,2,1,0,1183,3336,0,227,644,37,1,0,363
v1,38,1790970974570661,10728d70e0641a69:0xf74c,0,0,0,38,1,2,2,2,0,1372,3336,0,263,644,37,1,0,363
v1,39,1790970974574298,10728d70e0641a69:0xf78f,0,0,0,39,1,2,2,2,0,1439,3336,0,276,644,37,1,0,363
v1,40,1790970974580651,10728d70e0641a69:0xf80c,0,1,0,40,1,2,2,1,0,1564,3336,0,299,644,37,1,0,363
v1,41,1790970974584681,10728d70e0641a69:0xf89a,0,0,0,41,1,2,2,1,0,1706,3336,0,328,644,37,1,0,363
v1,42,1790970974598074,10728d70e0641a69:0xf9a6,0,1,0,42,1,2,2,1,0,1974,3336,0,378,644,37,1,0,363
v1,43,1790970974605331,10728d70e0641a69:0xc4116,0,1,0,43,1,1,1,1,0,294,920,0,67,194,10,1,0,108
v1,44,1790970974610319,10728d70e0641a69:0xc4268,0,0,0,44,1,1,1,1,0,632,920,0,133,194,10,1,0,108
v1,45,1790970974627604,10728d70e0641a69:0xa817c,0,0,0,45,4,16,4,0,0,140,1920,3,32,379,18,1,0,192
v1,46,1790970974627870,10728d70e0641a69:0x1159e5,0,1,0,46,1,16,0,8,0,69,5904,0,17,1245,33,2,0,521
v1,47,1790970974627952,10728d70e0641a69:0x6cd2,0,0,0,47,1,21,6,3,0,82,739,0,19,152,6,2,0,90
v1,48,1790970974636448,10728d70e0641a69:0x115a2d,0,1,0,48,1,24,10207,4129,0,141,5904,0,32,1245,33,2,0,521
v1,49,1790970974637109,10728d70e0641a69:0xa81f9,0,0,0,49,1,15,3,0,0,265,1920,3,58,379,18,1,0,192
v1,50,1790970974637195,10728d70e0641a69:0xa8240,0,0,0,50,1,15,3,0,0,336,1920,3,72,379,18,1,0,192
v1,51,1790970974637298,10728d70e0641a69:0xa828b,0,0,0,51,1,15,3,0,0,411,1920,3,87,379,18,1,0,192
v1,52,1790970974637357,10728d70e0641a69:0xa82d2,0,0,0,52,1,15,3,0,0,482,1920,3,101,379,18,1,0,192
v1,53,1790970974637434,10728d70e0641a69:0xa831e,0,0,0,53,1,15,3,0,0,558,1920,3,117,379,18,1,0,192
v1,54,1790970974637500,10728d70e0641a69:0xa8362,0,0,0,54,1,15,3,0,0,626,1920,3,130,379,18,1,0,192
v1,55,1790970974637576,10728d70e0641a69:0xa83af,0,0,0,55,1,15,3,0,0,703,1920,3,145,379,18,1,0,192
v1,56,1790970974637637,10728d70e0641a69:0xa83f8,0,0,0,56,1,15,4,1,0,776,1920,3,159,379,18,1,0,192
v1,57,1790970974637696,10728d70e0641a69:0xa856e,0,0,0,57,4,14,4,3,0,1150,1920,3,228,379,18,1,0,192
v1,58,1790970974637790,10728d70e0641a69:0xa85ea,0,1,0,58,4,15,5,5,0,1274,1920,3,251,379,18,1,0,192
v1,59,1790970974637871,10728d70e0641a69:0x3e5dd,0,0,0,59,4,14,5,5,0,109,3568,0,25,706,55,2,0,362
v1,60,1790970974637931,10728d70e0641a69:0x3e6a2,0,0,0,60,4,13,4,3,0,306,3568,0,63,706,55,2,0,362
v1,61,1790970974641605,10728d70e0641a69:0x3e6e6,0,0,0,61,4,7,2,2,0,374,3568,0,75,706,55,2,0,362
v1,62,1790970974665161,10728d70e0641a69:0x3e730,0,1,0,62,1,7,0,4,0,448,3568,0,90,706,55,2,0,362
v1,63,1790970974666195,10728d70e0641a69:0x3e9ce,0,0,0,63,4,7,3,3,0,1118,3568,0,221,706,55,2,0,362
v1,64,1790970974669742,10728d70e0641a69:0x3ea12,0,0,0,64,4,6,2,2,0,1186,3568,0,233,706,55,2,0,362
v1,65,1790970974673309,10728d70e0641a69:0x3ea56,0,0,0,65,4,6,2,0,0,1254,3568,0,245,706,55,2,0,362
v1,66,1790970974676847,10728d70e0641a69:0x3ea9a,0,0,0,66,4,6,2,0,0,1322,3568,0,257,706,55,2,0,362
v1,67,1790970974680940,10728d70e0641a69:0x3eade,1,1,0,67,4,6,4,2,0,1390,3568,0,269,706,55,2,0,362
v1,68,1790970974735089,10728d70e0641a69:0xb0cf6,1,0,1,68,4,0,1,1,0,166,4385,0,36,854,42,1,0,487
v1,69,1790970974747787,10728d70e0641a69:0x3ce63,1,0,1,69,4,0,1,1,0,131,443,0,26,92,5,4,0,52
v1,70,1790970974750350,10728d70e0641a69:0x81b84,1,0,1,70,4,0,0,2,0,19124,410,2,0,121,20,4,0,48
v1,71,1790970974752890,10728d70e0641a69:0x81bb5,1,0,1,71,4,0,1,1,0,19173,410,2,0,121,20,4,0,48
v1,72,1790970974757317,10728d70e0641a69:0x81bce,1,1,1,72,4,0,1,1,0,19198,410,2,0,121,20,4,0,48
v1,73,1790970974760446,10728d70e0641a69:0x81c47,1,1,1,73,4,0,1,1,0,19319,410,2,0,121,20,4,0,48
v1,74,1790970974763546,10728d70e0641a69:0x81cb1,1,0,1,74,4,0,1,1,0,19425,410,2,0,121,20,4,0,48
v1,75,1790970974766751,10728d70e0641a69:0x81cc2,1,1,1,75,4,0,1,1,0,19442,410,2,0,121,20,4,0,48
v1,76,1790970974771684,10728d70e0641a69:0x8246f,1,0,1,76,4,0,1,1,0,21407,410,2,0,121,20,4,0,48
v1,77,1790970974776132,10728d70e0641a69:0x8247c,1,1,1,77,4,0,1,1,0,21420,410,2,0,121,20,4,0,48
v1,78,1790970974781443,10728d70e0641a69:0x826ef,1,0,1,78,4,0,1,1,0,22047,410,2,0,121,20,4,0,48
v1,79,1790970974785434,10728d70e0641a69:0x8216e,1,1,1,79,4,0,1,1,0,20638,410,2,0,121,20,4,0,48
v1,80,1790970974788875,10728d70e0641a69:0x8222e,1,0,1,80,4,0,1,1,0,20830,410,2,0,121,20,4,0,48
v1,81,1790970974792818,10728d70e0641a69:0x8127f,1,1,1,81,4,0,1,1,0,16815,410,2,0,121,20,4,0,48
v1,82,1790970974799718,10728d70e0641a69:0x81453,1,1,1,82,4,0,0,2,0,17283,410,2,0,121,20,4,0,48
v1,83,1790970974823267,10728d70e0641a69:0x815c0,1,0,1,83,4,0,0,2,0,17648,410,2,0,121,20,4,0,48
v1,84,1790970974830746,10728d70e0641a69:0x841c9,1,1,1,84,4,0,0,2,0,153,416,0,40,109,24,2,0,30
v1,85,1790970974842179,10728d70e0641a69:0x6cd2,1,0,1,85,1,22,7,4,0,82,739,0,19,152,6,2,0,90
v1,86,1790970974846083,10728d70e0641a69:0x115a2d,1,1,1,86,1,25,10208,4130,0,141,5904,0,32,1245,33,2,0,521
v1,87,1790970974855336,10728d70e0641a69:0xb0f41,1,0,92,87,4,0,1,1,0,753,4385,0,154,854,42,1,0,487
v1,88,1790970974869382,10728d70e0641a69:0x6cd2,1,0,1,88,1,23,8,5,0,82,739,0,19,152,6,2,0,90
v1,89,1790970974879580,10728d70e0641a69:0x115a2d,1,1,1,89,1,26,10209,4132,0,141,5904,0,32,1245,33,2,0,521
v1,90,1790970974889839,10728d70e0641a69:0xb0fc4,1,0,106,90,1,0,1,0,0,884,4385,0,181,854,42,1,0,487
v1,91,1790970974898675,10728d70e0641a69:0xb100e,1,1,1,91,2,0,1,0,0,958,4385,0,195,854,42,1,0,487
v1,92,1790970974919870,10728d70e0641a69:0xa897f,1,0,2,92,4,1,2,2,0,95,5952,0,21,1144,59,1,0,614
v1,93,1790970974934783,10728d70e0641a69:0xa8a0f,1,1,1,93,4,1,2,2,0,239,5952,0,50,1144,59,1,0,614
v1,94,1790970974945336,10728d70e0641a69:0xa904a,1,0,1,94,4,1,2,2,0,1834,5952,0,364,1144,59,1,0,614
v1,95,1790970975367119,10728d70e0641a69:0x8451c,1,1,1,95,4,0,0,2,0,44,460,1,14,127,15,4,0,45
v1,96,1790970975382800,10728d70e0641a69:0x84561,1,0,1,96,4,0,1,1,0,113,460,1,34,127,15,4,0,45
v1,97,1790970975393342,10728d70e0641a69:0x84569,1,0,1,97,4,0,1,1,0,121,460,1,36,127,15,4,0,45
v1,98,1790970975407798,10728d70e0641a69:0x845b2,1,0,1,98,4,0,0,2,0,194,460,1,55,127,15,4,0,45
